-- phpMyAdmin SQL Dump
-- version 4.9.0.1
-- https://www.phpmyadmin.net/
--
-- Хост: 127.0.0.1:3306
-- Время создания: Апр 30 2020 г., 14:01
-- Версия сервера: 10.3.13-MariaDB-log
-- Версия PHP: 7.3.9

SET SQL_MODE = "NO_AUTO_VALUE_ON_ZERO";
SET AUTOCOMMIT = 0;
START TRANSACTION;
SET time_zone = "+00:00";


/*!40101 SET @OLD_CHARACTER_SET_CLIENT=@@CHARACTER_SET_CLIENT */;
/*!40101 SET @OLD_CHARACTER_SET_RESULTS=@@CHARACTER_SET_RESULTS */;
/*!40101 SET @OLD_COLLATION_CONNECTION=@@COLLATION_CONNECTION */;
/*!40101 SET NAMES utf8mb4 */;

--
-- База данных: `emisdb-erp`
--

-- --------------------------------------------------------

--
-- Структура таблицы `account`
--

CREATE TABLE `account` (
  `id` int(11) NOT NULL,
  `name` varchar(32) NOT NULL
) ENGINE=InnoDB DEFAULT CHARSET=utf8;

--
-- Дамп данных таблицы `account`
--

INSERT INTO `account` (`id`, `name`) VALUES
(14, 'Напреенко С.С.'),
(15, 'Манусевич С.Г.'),
(16, 'Константинова А.Г.'),
(22, 'Тененбаум М.З.'),
(23, 'Усанов А.'),
(24, 'Бебов А.М.'),
(25, 'Кузьменко Михаил Юрьевич'),
(26, 'Уланова Е.М.'),
(27, 'Холопский М.М.'),
(28, 'Иванова С.А.'),
(29, 'Белобородова А.А.'),
(30, 'Лашкова Н.Я.'),
(31, 'Костюченков Д.В.'),
(32, 'Саблина Е.Н'),
(33, 'Манусевич П.С.'),
(34, 'Новиков С.В'),
(35, 'Чучкалова А.В.'),
(36, 'Жолудь Н.'),
(37, 'Толмачева И.'),
(38, 'Кузьмин Ю.'),
(39, 'Чередникова М.С.'),
(40, 'Сергеев Д.А.'),
(41, 'Колупаева Н.И.'),
(42, 'Румянцев С.В.'),
(43, 'Садыкова Н.М.'),
(44, 'Кириллов Д.А.'),
(45, 'я'),
(46, 'Большаков Г.К.'),
(47, 'Гуд Д.Г.'),
(48, 'Бебова П.С.'),
(49, 'Филиппов И.Г.'),
(50, 'Жолудева Е.');

-- --------------------------------------------------------

--
-- Структура таблицы `item`
--

CREATE TABLE `item` (
  `id` int(11) NOT NULL,
  `name` varchar(32) DEFAULT NULL,
  `sh_name` varchar(8) DEFAULT NULL,
  `okei` varchar(3) DEFAULT NULL
) ENGINE=InnoDB DEFAULT CHARSET=utf8;

--
-- Дамп данных таблицы `item`
--

INSERT INTO `item` (`id`, `name`, `sh_name`, `okei`) VALUES
(0, '-', '-', '-'),
(6, 'Метр', 'м', '006'),
(18, 'Погонный метр', 'п.м.', '018'),
(55, 'Квадратный метр', 'м2', '055'),
(113, 'Кубический метр', 'м3', '113'),
(166, 'Килограмм', 'кг', '166'),
(168, 'тонна', 'т', '168'),
(778, 'Упаковка', 'упак', '778'),
(792, 'Человек', 'чел', '792'),
(796, 'Штука', 'шт.', '796'),
(812, 'Ящик', 'ящ', '812'),
(813, 'кило ватт', 'к.ватт', '813'),
(839, 'Комплект', 'компл.', '839');

-- --------------------------------------------------------

--
-- Структура таблицы `product`
--

CREATE TABLE `product` (
  `ckey` int(11) NOT NULL,
  `tnam` varchar(102) DEFAULT NULL,
  `cgr` int(11) DEFAULT NULL,
  `it` int(11) DEFAULT NULL
) ENGINE=InnoDB DEFAULT CHARSET=utf8;

--
-- Дамп данных таблицы `product`
--

INSERT INTO `product` (`ckey`, `tnam`, `cgr`, `it`) VALUES
(2, 'Муфта соединительная 10СТпМ-8', 1, 839),
(3, 'Муфта соединительная 10СТпМ-9', 1, 839),
(6, 'Муфта концевая 1П5КВТпН-1', 4, 839),
(7, 'Муфта концевая 1П5КВТпН-1М', 4, 839),
(8, 'Муфта концевая 1П5КНТпН-1М', 5, 839),
(9, 'Муфта концевая 1ПКНТпБ-1', 6, 839),
(10, 'Муфта концевая 1ПКНТпБ-1М', 6, 839),
(11, 'Муфта концевая 1ПКНТпБ-2', 6, 839),
(12, 'Муфта соединительная ПСТк(10-37)*0,75-1,5', 7, 839),
(13, 'Муфта концевая 1П5КВТпБН-2', 4, 839),
(14, 'Муфта концевая 1П5КВТпБН-3', 4, 839),
(15, 'Муфта концевая 1П5КНТпБН-1', 5, 839),
(16, 'Муфта концевая 1П5КНТпН-2', 5, 839),
(17, 'Муфта соединительная 1П5СТпБ-2', 8, 839),
(18, 'Муфта соединительная 1П5СТпБ-3', 8, 839),
(19, 'Муфта соединительная 1ПСТпБ(5*10)', 9, 839),
(20, 'Муфта концевая 10КВТпН-8', 10, 839),
(21, 'Муфта концевая 1КВТпН-5', 11, 839),
(22, 'Муфта концевая 1КВТпН-6', 11, 839),
(23, 'Муфта концевая 35ПКВТпОН-3', 12, 839),
(24, 'Муфта концевая 35ПКВТпОН-4', 12, 839),
(25, 'Муфта соединительная 1 СТп-5', 13, 839),
(26, 'Муфта соединительная 1 СТп-6', 13, 839),
(27, 'Муфта соединительная 10ПСТпО-2', 14, 839),
(28, 'Муфта соединительная 10ПСТпО-3', 14, 839),
(29, 'Муфта соединительная 10ПСТпО-4', 14, 839),
(30, 'Муфта соединительная 10СТпУ-8', 15, 839),
(31, 'Муфта соединительная 10СТпУ-9', 15, 839),
(32, 'Муфта соединительная 35ПСТпО-4', 16, 839),
(33, 'Муфта соединительная 35СТпП-9', 17, 839),
(34, 'Муфта концевая 10КВТп-7', 10, 839),
(35, 'Муфта концевая 10КВТп-8', 10, 839),
(36, 'Муфта концевая 10КВТп-9', 10, 839),
(37, 'Муфта концевая 10КНТп-7', 18, 839),
(38, 'Муфта концевая 10КНТп-8', 18, 839),
(39, 'Муфта концевая 10КНТп-9', 18, 839),
(40, 'Муфта концевая 1КНТп-1', 19, 839),
(41, 'Муфта концевая 1КНТп-2', 19, 839),
(42, 'Муфта концевая 1КНТп-3', 19, 839),
(43, 'Муфта концевая 1КНТп-4', 19, 839),
(44, 'Муфта концевая 1КНТп-5', 19, 839),
(45, 'Муфта концевая 1КНТп-6', 19, 839),
(46, 'Муфта соединительная 10СТпУ-7', 15, 839),
(49, 'Наконечник НБх-1', 2, 796),
(56, 'Соединитель болтовой СБх-1', 3, 796),
(57, 'Муфта концевая 10КНТпН-8', 18, 839),
(58, 'Муфта концевая 1КНТпН-4', 19, 839),
(59, 'Лента регулятор 25х1,5', 20, 796),
(60, 'Муфта концевая 10КВТпН-7', 10, 839),
(61, 'Муфта соединительная 10СТп-8', 21, 839),
(62, 'Провод концевой ПК-25мм2', 22, 796),
(63, 'Муфта концевая 10КВТпН-9', 10, 839),
(64, 'Муфта концевая 1КВТп-4', 11, 839),
(65, 'Муфта концевая 1КВТп-5', 11, 839),
(66, 'Муфта концевая 1КВТпН-4М', 11, 839),
(67, 'Муфта соединительная 1 СТп-4', 13, 839),
(68, 'Муфта соединительная 1 СТп-4М', 13, 839),
(69, 'Муфта концевая 1ПКВТпБН-5', 23, 839),
(70, 'Муфта соединительная 1ПСТпБ-5', 9, 839),
(71, 'Муфта концевая 1П5КВТпН-2', 4, 839),
(72, 'Муфта концевая 1ПКНТпОН-4', 24, 839),
(73, 'Муфта концевая 1ПКНТпОН-5', 24, 839),
(74, 'Муфта соединительная 1ПСТпБ-6', 9, 839),
(75, 'Трубка ТУТ 15/6', 25, 18),
(76, 'Трубка ТУТ 28/11', 25, 18),
(77, 'Трубка ТУТ 33/14', 25, 18),
(78, 'Лента КЛ-50', 26, 166),
(79, 'Лента ПТЛ-40', 26, 166),
(80, 'Муфта концевая 10КНТпН-7', 18, 839),
(81, 'Муфта концевая 10КНТпН-9', 18, 839),
(82, 'Муфта концевая 1КНТпН-5', 19, 839),
(83, 'Муфта концевая 1КНТпН-6', 19, 839),
(84, 'Манжета \"5\"', 27, 796),
(85, 'Муфта концевая 1ПКВТпБ-5', 23, 839),
(86, 'Соединитель болтовой СБх-2', 3, 796),
(87, 'Муфта концевая 1ПКНТпБН-4', 6, 839),
(88, 'Муфта концевая 1ПКНТпБН-5', 6, 839),
(89, 'Муфта соединительная 1П5СТп-1', 8, 839),
(90, 'Муфта концевая 1П5КВТпБН-1М', 4, 839),
(91, 'Муфта концевая 1ПКВТп(3х10)', 28, 839),
(92, 'Муфта концевая 1ПКВТп(3х4)', 28, 839),
(93, 'Муфта концевая 1ПКВТп(4х10)', 28, 839),
(94, 'Муфта концевая 1ПКВТп(5х4)', 28, 839),
(95, 'Муфта концевая 1ПКВТпБН-2', 23, 839),
(96, 'Муфта концевая 1ПКВТпБН-3', 23, 839),
(97, 'Муфта концевая 1ПКВТпН-5', 28, 839),
(98, 'Оконцеватель ОГТ-4', 29, 796),
(99, 'Муфта концевая 1ПКВТпН-1', 28, 839),
(100, 'Трубка ТУТ 40/20', 25, 18),
(101, 'Муфта концевая 1П2КВТпБ-1М', 30, 839),
(102, 'Муфта концевая 1П2КВТпБ-2', 30, 839),
(103, 'Муфта концевая 1П2КВТпБ-3', 30, 839),
(104, 'Муфта соединительная 1П2СТпБ-1', 31, 839),
(105, 'Муфта соединительная 1П2СТпБ-2', 31, 839),
(106, 'Муфта соединительная 1П2СТпБ-3', 31, 839),
(107, 'Муфта концевая 10ПКВТпОН-1', 32, 839),
(108, 'Муфта концевая 1П5КВТпН-3', 4, 839),
(109, 'Муфта соединительная 10ПСТпО (о.п.) - 2', 14, 839),
(110, 'Муфта концевая 1П5КВТпБН-1', 4, 839),
(111, 'Оконцеватель ОГТ-2', 29, 796),
(112, 'Оконцеватель ОГТ-3', 29, 796),
(113, 'Манжета \"4\"', 33, 796),
(114, 'Муфта концевая 35ПКВТпОН-2', 12, 839),
(115, 'Муфта соединительная 10ПСТпО-1', 14, 839),
(116, 'Оконцеватель ОГТ-1', 29, 796),
(117, 'Перчатка 3-0м-1', 34, 796),
(118, 'Перчатка 4-1М-1', 34, 796),
(119, 'Перчатка 4-3-1', 34, 796),
(120, 'Перчатка 5-0-1', 34, 796),
(121, 'Перчатка 5-0м-1', 34, 796),
(122, 'Трекингостойкая трубка 50/16-400', 33, 796),
(123, 'Трекингостойкая трубка 50/16-500', 33, 796),
(124, 'Трубка регулятор 30/12х150', 33, 796),
(125, 'Трубка регулятор 30/12х200', 33, 796),
(126, 'Шланг 33х450', 33, 796),
(127, 'Шланг 70/18х550', 33, 796),
(128, 'Шланг 70х750', 33, 796),
(129, 'Муфта концевая 10Р4КВТпН-1', 35, 839),
(130, 'Муфта концевая 10Р4КВТпН-2', 35, 839),
(131, 'Муфта концевая 1П5КВТп-1', 4, 839),
(132, 'Муфта концевая 1П5КВТп-1М', 4, 839),
(133, 'Муфта концевая 1П5КНТпН-1', 5, 839),
(134, 'Муфта концевая 1ПКНТп-5', 36, 839),
(135, 'Муфта концевая 1ПКВТпБН-4', 23, 839),
(136, 'Муфта концевая 1ПКВТпБН-6', 23, 839),
(137, 'Муфта концевая 1ПКНТпБН-6', 6, 839),
(138, 'Муфта концевая 1КВТп-6', 11, 839),
(139, 'Муфта концевая 35ПКНТпОН-1', 37, 839),
(140, 'Муфта концевая 1П5КНТпБ-1', 5, 839),
(141, 'Муфта концевая 1ПКВТпН-4', 28, 839),
(142, 'Муфта концевая 10Р5КВТпН-2', 38, 839),
(143, 'Муфта концевая 1КВТп-1', 11, 839),
(144, 'Муфта концевая 1КВТп-1М', 11, 839),
(145, 'Муфта концевая 1ПКНТпН-5', 36, 839),
(146, 'Клей расплав', 39, 166),
(147, 'Соединитель болтовой 2СБ-5Х', 3, 796),
(148, 'Соединитель болтовой 3СБ-6Х', 3, 796),
(149, 'Палатка кабельщика', 40, 796),
(150, 'УПТК-2 (190-55)', 40, 839),
(151, 'Муфта соединительная 1ПСТпБ-4', 9, 839),
(152, 'Наконечник НБх-3', 2, 796),
(153, 'Наконечник НБх-ОМ', 2, 796),
(154, 'Манжета 33х300', 27, 796),
(155, 'Перчатка 5-1-1', 34, 796),
(156, 'Перчатка 5-3-1', 34, 796),
(157, 'Муфта ответвительная 1П3ОТп-2/120', 41, 839),
(158, 'Муфта соединительная 10СТп-7', 21, 839),
(159, 'Муфта соединительная 1ПСТп-5', 42, 839),
(160, 'Манжета  конц. 40х300', 27, 796),
(161, 'Газовая горелка ГК-4', 40, 796),
(162, 'Муфта соединительная 10 ПСТп-9', 43, 839),
(163, 'Муфта концевая 10ПКВТпОН-1М', 32, 839),
(164, 'Муфта концевая 10ПКНТпОН-1', 44, 839),
(165, 'Наконечник 2НБ-2х', 2, 796),
(166, 'Нож для снятия полупроводящего слоя ИПС-2', 40, 796),
(167, 'Муфта концевая 1КВТпОН-1', 45, 839),
(168, 'Муфта соединительная 1 СТп-3', 13, 839),
(169, 'Муфта соединительная 1 СТпО-4', 46, 839),
(170, 'Лента ТЛ-630', 26, 166),
(171, 'Комплект заз. КНК - 25мм2', 22, 839),
(172, 'Наконечник НБх-2', 2, 796),
(173, 'Перчатка 4-1-1', 34, 796),
(174, 'Перчатка 4-2-1', 34, 796),
(175, 'Муфта ответвительная 1П4ОТп-4М/25', 47, 839),
(176, 'Муфта концевая 10КВТпН-7М', 10, 839),
(177, 'Муфта концевая 10КНТпН-7М', 18, 839),
(178, 'Муфта концевая 1ПКНТпБ-3', 6, 839),
(179, 'Муфта концевая 1ПКНТпБ-4', 6, 839),
(180, 'Муфта концевая 1ПКНТпБ-4М', 6, 839),
(181, 'Муфта концевая 1ПКНТпБ-5', 6, 839),
(182, 'Муфта соединительная 1ПСТпБ-3', 9, 839),
(183, 'Муфта соединительная 1Р4СТп-1', 48, 839),
(184, 'Муфта соединительная 1Р4СТп-1М', 48, 839),
(185, 'Муфта концевая 1ПКВТпН-6', 28, 839),
(186, 'Муфта концевая 1П5КНТп-1', 5, 839),
(187, 'Муфта концевая 1П5КНТп-1М', 5, 839),
(188, 'Муфта концевая 1П5КНТп-2', 5, 839),
(189, 'Муфта концевая 1П5КНТп-3', 5, 839),
(190, 'Муфта концевая 1ПКВТп(5х10)', 28, 839),
(191, 'Трекингостойкая трубка 50/16-300', 20, 796),
(192, 'Муфта соединительная 10СТп-9', 21, 839),
(193, 'Муфта соединительная 10СТпП-8', 49, 839),
(194, 'Муфта концевая 10ПКВТпЛН-7', 50, 839),
(195, 'Трубка ТУТ 12/6', 25, 18),
(196, 'Трубка ТУТ 20/8', 25, 18),
(197, 'Трубка ТУТ 4/2', 25, 18),
(198, 'Трубка ТУТ 6/3', 25, 18),
(199, 'Муфта концевая 1ПКВТпБ-6', 23, 839),
(200, 'Муфта соединительная 1Р5СТп-1М', 48, 839),
(201, 'Муфта концевая 10Р4КНТп-3', 51, 839),
(202, 'Муфта концевая 10Р4КНТпН-1М', 51, 839),
(203, 'Муфта концевая 1П5КНТпН-3', 5, 839),
(204, 'Муфта концевая 1ПКНТпБН-4М', 6, 839),
(205, 'Муфта концевая 1ПКНТпН-4', 36, 839),
(206, 'Муфта соединительная ПСТк(19-37)*1,5-2,5', 7, 839),
(207, 'Муфта соединительная ПСТк(4-7)*0,75-1,5', 7, 839),
(208, 'Муфта соединительная ПСТкБ(4-14)*1,5-2,5', 7, 839),
(209, 'Муфта концевая 10ПКВТпОН-2', 32, 839),
(210, 'Муфта соединительная 10 ПСТп-7', 43, 839),
(211, 'Муфта соединительная 10СТп-7М', 21, 839),
(212, 'Лента герметик -0,15м', 33, 796),
(213, 'Лента герметик -0,5м', 33, 796),
(214, 'Лента регулятор 25х1,0', 33, 796),
(215, 'Манжета \"5\"', 33, 796),
(216, 'Манжета изолир. 28/11х160', 33, 796),
(217, 'Манжета поясная 50х150', 33, 796),
(218, 'Манжета поясная 60х150', 33, 796),
(219, 'Муфта концевая 10ПКВТпОН-5', 32, 839),
(220, 'Муфта соединительная 1 СТп-1М', 13, 839),
(221, 'Муфта соединительная 1 СТп-2', 13, 839),
(222, 'Перчатка 3-0м-1', 33, 796),
(223, 'Перчатка 3-1М-1', 33, 796),
(224, 'Перчатка 3-3-10', 33, 796),
(225, 'Перчатка 4-1М-1', 33, 796),
(226, 'Трубка регулятор 50/16х200', 33, 796),
(227, 'Шланг 140/40х950', 33, 796),
(228, 'Муфта концевая 10ПКВТпН-8', 52, 839),
(229, 'Манжета ремонтная 115/46-1000', 27, 796),
(230, 'Муфта концевая 10Р5КВТпН-1М', 38, 839),
(231, 'Муфта концевая 10ПКНТпЛ-8', 53, 839),
(232, 'Транспортные расходы', 54, 796),
(233, 'Муфта концевая 1ПКВТпОН-2', 55, 839),
(234, 'Муфта концевая 1ПКВТп-4', 28, 839),
(235, 'Муфта концевая 1ПКВТп-5', 28, 839),
(236, 'Муфта концевая 10ПКНТпН-8', 56, 839),
(237, 'ТЗИ-3', 57, 796),
(238, 'Муфта концевая 1КВТп5Н-1', 58, 839),
(239, 'Муфта соединительная 1ПСТп(5*10)', 42, 839),
(240, 'Муфта концевая 10ПКНТпЛН-7', 53, 839),
(241, 'Муфта соединительная ПСТк(4-10)*4-10', 7, 839),
(242, 'Муфта соединительная ПСТк(4-14)*1,5-2,5', 7, 839),
(243, 'Муфта концевая 1П5КНТпБ-1М', 5, 839),
(244, 'Муфта концевая 10ПКНТп-9', 56, 839),
(245, 'Муфта концевая 1П5КНТпБН-1М', 5, 839),
(246, 'Муфта концевая 10ПКНТпН-9', 56, 839),
(247, 'Муфта концевая 10ПКНТпОН-2', 44, 839),
(248, 'Муфта концевая 1КНТпН-1М', 19, 839),
(249, 'Муфта концевая 1ПКВТп-4М', 28, 839),
(250, 'Муфта концевая 1ПКВТп-6', 28, 839),
(251, 'Муфта концевая 1ПКВТпБ-4', 23, 839),
(252, 'Муфта концевая 10ПКВТп-9', 52, 839),
(253, 'Перчатка 3-2-1', 34, 796),
(254, 'Трубка ТУТ 10/5', 25, 18),
(255, 'Трубка ТУТ 2/1', 25, 18),
(256, 'Трубка ТУТ 50/20', 25, 18),
(257, 'Трубка ТУТ 60/30', 25, 18),
(258, 'Трубка ТУТ 8/4', 25, 18),
(259, 'Муфта концевая 35ПКНТпО-1', 37, 839),
(260, 'Муфта концевая 1КВТпН-3', 11, 839),
(261, 'Муфта соединительная 10СТпМ-7', 1, 839),
(262, 'Лента ТЛ-450', 26, 166),
(263, 'Манжета ремонтная 143/36-1500', 27, 796),
(264, 'Соединитель болтовой 2СБ-3Х', 3, 796),
(265, 'Муфта концевая 10ПКВТпЛН-9', 50, 839),
(266, 'Муфта концевая 10ПКНТпЛН-8', 53, 839),
(267, 'Муфта концевая 10ПКНТпЛН-9', 53, 839),
(268, 'Муфта концевая 1В5КВНТпН-1', 59, 839),
(269, 'Муфта концевая 1В5КВНТпН-1М', 59, 839),
(270, 'Муфта концевая 1В5КВНТпН-2', 59, 839),
(271, 'Муфта концевая 1В5КВНТпН-3', 59, 839),
(272, 'Муфта концевая 1ВКВНТп-4М', 60, 839),
(273, 'Муфта концевая 1ВКВНТпН-1М', 60, 839),
(274, 'Муфта концевая 1ВКВНТпН-4', 60, 839),
(275, 'Муфта концевая 1ВКВНТпН-4М', 60, 839),
(276, 'Муфта концевая 1ВКВНТпН-5', 60, 839),
(277, 'Муфта концевая 1ВКВНТпН-6', 60, 839),
(278, 'Муфта концевая 1КВТпН-4', 11, 839),
(279, 'Муфта концевая 1ПКВТп-2', 28, 839),
(280, 'Муфта соединительная 10 ПСТп-8', 43, 839),
(281, 'Муфта соединительная 10ПСТпО-1М', 14, 839),
(282, 'Муфта концевая 1П5КНТпБН-2', 5, 839),
(283, 'Муфта концевая 1П5КНТпБН-3', 5, 839),
(284, 'Муфта концевая 1ПКВТпО-1', 55, 839),
(285, 'Муфта концевая 1ПКВТпО-2', 55, 839),
(286, 'Муфта ККТ-1', 61, 839),
(287, 'Муфта концевая 1ПКВТпН-4М', 28, 839),
(288, 'Муфта концевая 1КНТп5Н-3', 62, 839),
(289, 'Наконечник 2НБ-4х', 2, 796),
(290, 'ТТЗ-2', 57, 796),
(291, 'ТТЗ-3', 57, 796),
(292, 'Муфта концевая 10Р4КНТпН-1', 51, 839),
(293, 'Муфта концевая 10Р4КНТпН-2', 51, 839),
(294, 'Муфта концевая 10Р4КНТпН-3', 51, 839),
(295, 'Муфта соединительная 10Р4СТп-1', 63, 839),
(296, 'Муфта соединительная 10Р4СТп-2', 63, 839),
(297, 'Муфта соединительная 10Р4СТп-3', 63, 839),
(298, 'Муфта соединительная 1 ПСТпО-1', 64, 839),
(299, 'Муфта соединительная 1 ПСТпО-2', 64, 839),
(300, 'Муфта концевая 1ПКВТп3х(300х400)', 28, 839),
(301, 'Муфта концевая 1ПКВТп4х(300х400)', 28, 839),
(302, 'Наконечник 2НБ-1х', 2, 796),
(303, 'Наконечник 2НБ-3х', 2, 796),
(304, 'Муфта концевая 1КНТпН-4М', 19, 839),
(305, 'Муфта концевая 1П5КВТпБ-1', 4, 839),
(306, 'Муфта концевая 1П5КВТпБ-2', 4, 839),
(307, 'Муфта концевая 1П5КВТпБ-3', 4, 839),
(308, 'Муфта концевая 1ПКВТпБН(5х10)', 23, 839),
(309, 'Муфта соединительная 1П5СТпБ-1М', 8, 839),
(310, 'Комплект заз. КНК - 16мм2', 22, 839),
(311, 'Муфта концевая 10Р4КНТп-2', 51, 839),
(312, 'Муфта концевая 1ПКНТпН-3', 36, 839),
(313, 'Муфта концевая 1ПКНТпН-6', 36, 839),
(314, 'Наконечник НБх-0', 2, 796),
(315, 'Муфта концевая 10КВТп-7М', 10, 839),
(316, 'Муфта концевая 1ПКНТп-6', 36, 839),
(317, 'Муфта соединительная 1П5СТп-1М', 8, 839),
(318, 'Муфта соединительная 1ПСТп-4', 42, 839),
(319, 'Изолятор 45/12', 33, 796),
(320, 'Муфта концевая 35ПКВТпОН-1', 12, 839),
(321, 'Муфта соединительная 10СТпП-9', 49, 839),
(322, 'Перчатка 3-2-1', 33, 796),
(323, 'Трубка регулятор 50/16х150', 33, 796),
(324, 'Муфта ответвительная 1П4ОТпБ - 6/95', 65, 839),
(325, 'Муфта соединительная 10ПСТпО-5', 14, 839),
(326, 'Муфта соединительная 1П5СТп-3', 8, 839),
(327, 'Муфта соединительная 1Р5СТп-2', 48, 839),
(328, 'Муфта концевая 10ПКВТпН-9', 52, 839),
(329, 'Муфта концевая 1КВТпН-1', 11, 839),
(330, 'Муфта концевая 1КВТпН-2', 11, 839),
(331, 'Муфта концевая 1КВТп-2', 11, 839),
(332, 'Муфта концевая 1КВТп-3', 11, 839),
(333, 'Перчатка 3-5-35', 34, 796),
(334, 'Муфта концевая 10ПКВТпН-7', 52, 839),
(335, 'Муфта концевая 10ПКНТпН-7', 56, 839),
(336, 'Муфта концевая 10ПКВТпОН-3', 32, 839),
(337, 'Муфта концевая 1КВТп5-2', 58, 839),
(338, 'Муфта концевая 1КВТп5-3', 58, 839),
(339, 'Муфта концевая 1КНТп5Н-1', 62, 839),
(340, 'Муфта концевая 1КНТп5Н-2', 62, 839),
(341, 'Муфта соединительная 1 СТп5-1', 66, 839),
(342, 'Муфта соединительная 1 СТп5-2', 66, 839),
(343, 'Муфта соединительная 1 СТп5-3', 66, 839),
(344, 'Муфта соединительная 10СТпЗ-7', 67, 839),
(345, 'Муфта соединительная 10СТпЗ-8', 67, 839),
(346, 'Муфта соединительная 10СТпЗ-9', 67, 839),
(347, 'Набор инструментов кабельщика с газ. постом ИК-4', 40, 796),
(348, 'Муфта концевая 1ПКВТпОН-3', 55, 839),
(349, 'Муфта концевая 1ПКВТпОН-4', 55, 839),
(350, 'Муфта концевая 35ПКВТпН-8', 68, 839),
(351, 'Муфта соединительная 10 ПСТпП-8', 69, 839),
(352, 'Трекингостойкая трубка 50/16-500', 20, 796),
(353, 'Муфта концевая 1П5КНТпБ-2', 5, 839),
(354, 'Муфта соединительная 10 ПСТпЛ-8', 70, 839),
(355, 'Муфта соединительная 1ПСТп-4М', 42, 839),
(356, 'Муфта соединительная 1ПСТп(4*4) (без СБ)', 42, 839),
(357, 'Муфта соединительная 1ПСТп(5*4) (без СБ)', 42, 839),
(358, 'Муфта соединительная 1ПСТпБ-4М', 9, 839),
(359, 'Муфта соединительная 1ПСТпБ(4*10)', 9, 839),
(360, 'Муфта соединительная 1ПСТпБ(4*4) (без СБ)', 9, 839),
(361, 'Муфта соединительная 35СТп-9', 17, 839),
(362, 'Муфта концевая 1КВТп5Н-3', 58, 839),
(363, 'Муфта концевая 10ПКНТп-8', 56, 839),
(364, 'Муфта концевая 10ПКНТпО-1', 44, 839),
(365, 'Муфта концевая 10ПКНТпО-2', 44, 839),
(366, 'Муфта соединительная 1 СТп-1', 13, 839),
(367, 'Муфта соединительная 10 СТпО-1', 71, 839),
(368, 'Муфта соединительная 10 СТпО-2', 71, 839),
(369, 'Муфта соединительная 1ПСТп-2', 42, 839),
(370, 'Трекингостойкая трубка 50/16-250', 20, 796),
(371, 'Перчатка 5-2-1', 34, 796),
(372, 'Перчатка 3-2-10', 34, 796),
(373, 'Муфта соединительная 1ПСТп-6', 42, 839),
(374, 'Муфта соединительная 1П5СТп-2', 8, 839),
(375, 'Муфта концевая 1КВТп5Н-1М', 58, 839),
(376, 'ТЗИ-2', 57, 796),
(377, 'Муфта соединительная 10СТпУ-8', 72, 839),
(378, 'Муфта соединительная 10СТпУ-9', 72, 839),
(379, 'Муфта концевая 10ПКВТпОН-4', 32, 839),
(380, 'Муфта соединительная 10 ПСТпЛ-9', 70, 839),
(381, 'Муфта концевая 1ПКНТпОН-3', 24, 839),
(382, 'Муфта концевая 1КВТп-4М', 11, 839),
(383, 'Муфта концевая 10ПКВТпО-1', 32, 839),
(384, 'Муфта концевая 10ПКВТпО-1М', 32, 839),
(385, 'Муфта концевая 10ПКНТпО-1М', 44, 839),
(386, 'Муфта концевая 1ПКВТпБ(5х10)', 23, 839),
(387, 'Муфта концевая 1ПКВТпБН-4М', 23, 839),
(388, 'Лента герметик -0,2м', 33, 796),
(389, 'Лента герметик -0,4м', 33, 796),
(390, 'Муфта соединительная 1 СТп5-1М', 66, 839),
(391, 'Оконцеватель ОГТ-5', 29, 796),
(392, 'Перчатка 4-0-1', 33, 796),
(393, 'Перчатка 4-3-1', 33, 796),
(394, 'Перчатка 5-1М-1', 33, 796),
(395, 'Шланг 90/24х550', 33, 796),
(396, 'Шланг 90/24х800', 33, 796),
(397, 'Шланг 90/24х900', 33, 796),
(398, 'Муфта концевая 1КВТпН-1М', 11, 839),
(399, 'Муфта ответвительная 1П5ОТпБ - 70/10/10', 73, 839),
(400, 'Муфта соединительная 1 СТпО-5', 46, 839),
(401, 'Муфта концевая 1КВТпН-1М', 11, 839),
(402, 'Муфта концевая 1КВТпН-1М', 11, 839),
(403, 'Муфта соединительная 10 ПСТп (3х300/400)', 43, 839),
(404, 'Манжета  поясн. 45х150', 27, 796),
(405, 'Манжета  поясн. 50х200', 27, 796),
(406, 'Манжета  поясн. 60х200', 27, 796),
(407, 'Набор для пайки', 22, 839),
(408, 'Муфта концевая 35КНТпО-2', 74, 839),
(409, 'Муфта концевая 1П5КВТп-2', 4, 839),
(410, 'Муфта концевая 1П5КВТп-3', 4, 839),
(411, 'Манжета конц. 28х100 цветная', 33, 796),
(412, 'Манжета конц. 33х120 цветная', 33, 796),
(413, 'Манжета поясная 50х200', 33, 796),
(414, 'Манжета поясная 60х200', 33, 796),
(415, 'Перчатка 3-1-10', 33, 796),
(416, 'Перчатка 4-1-1', 33, 796),
(417, 'Перчатка 4-2-1', 33, 796),
(418, 'Перчатка 5-0-1', 33, 796),
(419, 'Муфта концевая 10ПКВТп-8', 52, 839),
(420, 'Муфта концевая 35КНТпОН-1', 74, 839),
(421, 'Муфта ответвительная 1П4ОТпБ-4/10', 65, 839),
(422, '3ТГ-110', 57, 796),
(423, '3ТГ-160', 57, 796),
(424, '3ТГ-200', 57, 796),
(425, '3ТГ-90', 57, 796),
(426, 'МРО-1', 40, 796),
(427, 'МРО-2', 40, 796),
(428, 'Муфта соединительная 1РСТпО-1', 48, 839),
(429, 'Муфта концевая 1ПКНТпБ-6', 6, 839),
(430, 'Муфта концевая 10ПКВТпЛН-8', 50, 839),
(431, 'Муфта концевая 10ПКВТпО-2', 32, 839),
(432, 'Муфта концевая 1ПКВТп-1', 28, 839),
(433, 'Муфта концевая 1ПКВТпБН-1М', 23, 839),
(434, 'Муфта концевая 1ПКНТпБН-1М', 6, 839),
(435, 'Муфта соединительная 1П5СТпБ-1', 8, 839),
(436, 'Муфта соединительная 10СТпМР-8', 1, 839),
(437, 'Муфта соединительная 10СТпМР-9', 1, 839),
(438, 'Манжета \"8\" двухслойная', 27, 796),
(439, 'Шланг 100/30х950', 75, 796),
(440, 'Манжета \"6\"', 33, 796),
(441, 'Манжета конц. 20х100 цветная', 33, 796),
(442, 'Манжета конц. 45х120 цветная', 33, 796),
(443, 'Шланг 120/30х1000', 33, 796),
(444, 'Шланг 140х1000', 33, 796),
(445, 'Муфта соединительная 10 ПСТпПО-9', 69, 839),
(446, 'Муфта соединительная 1ПСТп(3*10)', 42, 839),
(447, 'Лента герметик', 20, 166),
(448, 'Кабельный нож \"Рокан\"', 40, 796),
(449, 'Набор инструментов кабельщика ИК-3', 40, 796),
(450, 'Муфта соединительная 1ПСТп-1М', 42, 839),
(451, 'Муфта концевая 1ПКВТп(4х4)', 28, 839),
(452, 'Трубка ТУТ 40/12', 25, 18),
(453, 'Изолятор 32/7', 76, 796),
(454, 'Лента регулятор', 20, 166),
(455, 'Манжета  конц. 33х120', 27, 796),
(456, 'Манжета  конц. 33х120 желтая', 27, 796),
(457, 'Манжета  конц. 33х120 зеленая', 27, 796),
(458, 'Манжета  конц. 33х120 красная', 27, 796),
(459, 'Манжета  поясн. 80х150', 27, 796),
(460, 'Перчатка 3-3-10', 34, 796),
(461, 'Провод ПМЛ-16', 22, 6),
(462, 'Проволока бандажная, 1 м.', 39, 796),
(463, 'Трекингостойкая трубка 50/16-400', 20, 796),
(464, 'Трубка регулятор 50/16-200', 20, 796),
(465, 'Муфта концевая 35КНТпН-9', 77, 839),
(466, 'Муфта соединительная 35 СТпО-1', 78, 839),
(467, 'Муфта соединительная 35 СТпО-2', 78, 839),
(468, 'Муфта соединительная 35СТп-8', 17, 839),
(469, 'Газовый баллон 5 л.', 40, 796),
(470, 'Трубка ТУТ 45/18', 25, 18),
(471, 'Муфта концевая 10ПКВТпЛН-7М', 50, 839),
(472, 'Муфта концевая 10ПКНТпЛН-7М', 53, 839),
(473, 'Манжета  конц. 28х100', 27, 796),
(474, 'Трубка регулятор 50/16-150', 20, 796),
(475, 'Лента герметик -0,3м', 33, 796),
(476, 'Манжета изолир. 20/8х160', 33, 796),
(477, 'Муфта соединительная 10 ПСТпП-7', 69, 839),
(478, 'Перчатка 3-2-10', 33, 796),
(479, 'Перчатка 5-2-1', 33, 796),
(480, 'Пластина регулятор 110х110', 33, 796),
(481, 'Комплект заз. КНС - 25мм2', 22, 839),
(482, 'Муфта концевая 10ПКВТпН-7М', 52, 839),
(483, 'Муфта концевая 1ПКНТпН-4М', 36, 839),
(484, 'Муфта концевая 1ПКВТпБ(3х10)', 23, 839),
(485, 'Муфта концевая 1ПКВТпБ(3х4)', 23, 839),
(486, 'Муфта концевая 1ПКВТпН-1М', 28, 839),
(487, 'Трубка ТУТ 40/20 желтая', 25, 18),
(488, 'Трубка ТУТ 80/40', 25, 18),
(489, 'Муфта концевая 1П2КНТпБН-2', 79, 839),
(490, 'Муфта концевая 1ПКНТп-4', 36, 839),
(491, 'Муфта концевая 10ПКНТпОН-4', 44, 839),
(492, 'Муфта концевая 1КНТпН-1', 19, 839),
(493, 'Муфта концевая 1КНТпН-2', 19, 839),
(494, 'Муфта концевая 1КНТпН-3', 19, 839),
(495, 'Муфта соединительная 1 ПСТпО-3', 64, 839),
(496, 'Муфта концевая 1КВТп5-1М', 58, 839),
(497, 'Муфта концевая 1КНТп5-1М', 62, 839),
(498, 'Муфта концевая 1КНТп5-2', 62, 839),
(499, 'Муфта концевая 1ПКВТпОН-1', 55, 839),
(500, 'Трубка ТУТ 28/11 желтая', 25, 18),
(501, 'Трубка ТУТ 8/4 желтая', 25, 18),
(502, 'Трубка ТУТ 8/4 зеленая', 25, 18),
(503, 'Трубка ТУТ 8/4 красная', 25, 18),
(504, 'Муфта концевая 1ПКВТпБ(4х10)', 23, 839),
(505, 'Муфта концевая 1ПКВТпБ(4х4)', 23, 839),
(506, 'Муфта концевая 1ПКВТпБ(5х4)', 23, 839),
(507, 'Муфта концевая 1ПКВТпН(5х10)', 28, 839),
(508, 'Муфта концевая 6ВКВТп-2', 80, 839),
(509, 'Муфта соединительная 1ПСТпБ(5*4) (без СБ)', 9, 839),
(510, 'Муфта соединительная 6ВСТп-2', 81, 839),
(511, 'Муфта ККТ-2', 61, 839),
(512, 'Муфта ККТ-3', 61, 839),
(513, 'Изолятор 32/7', 33, 796),
(514, 'Лента регулятор 25х0,8', 33, 796),
(515, 'Лента регулятор 25х1,5', 33, 796),
(516, 'Манжета пальц. 20/8х100', 33, 796),
(517, 'Манжета пальц. 28/11х100', 33, 796),
(518, 'Манжета пальц. 33/14х120', 33, 796),
(519, 'Шланг 120х600', 33, 796),
(520, 'Шланг 120/30х800', 33, 796),
(521, 'Шланг 33х550', 33, 796),
(522, 'Шланг 90/24х650', 33, 796),
(523, 'Ножницы секторные НС-3', 40, 796),
(524, 'Пост кабельщика ПК-2', 40, 796),
(525, 'Муфта концевая 1КНТп-4М', 19, 839),
(526, 'Муфта концевая 35ПКНТпОН-3', 37, 839),
(527, 'Муфта концевая 1П5КВТпБнгLS -1', 82, 839),
(528, 'Муфта концевая 1П5КВТпБнгLS -1М', 82, 839),
(529, 'Муфта концевая 1П5КВТпБнгLS -2', 82, 839),
(530, 'Муфта концевая 1П5КВТпБнгLS -3', 82, 839),
(531, 'Перчатка 5-3-1', 33, 796),
(532, 'Муфта концевая 10ПКВТпЛ-8', 50, 839),
(533, 'Муфта концевая 35ПКНТпОН-2', 37, 839),
(534, 'Муфта соединительная 35ПСТпО-2', 16, 839),
(535, 'Манжета  конц. 20х100', 27, 796),
(536, 'Манжета \"4\"', 27, 796),
(537, 'Манжета 20/160', 27, 796),
(538, 'Шланг 70/16х600', 75, 796),
(539, 'Муфта концевая 1КВТпО-2', 45, 839),
(540, 'Муфта концевая 1КВТпО-3', 45, 839),
(541, 'Муфта концевая 1КВТпО-4', 45, 839),
(542, 'Муфта концевая 1ПКНТпО-5', 24, 839),
(543, 'Лента герметик -0,2м', 20, 796),
(544, 'Лента герметик -0,4м', 20, 796),
(545, 'Лента регулятор 25х1,0', 20, 796),
(546, 'Манжета  поясн. 80х200', 27, 796),
(547, 'Манжета \"9\" двухслойная', 27, 796),
(548, 'Перчатка 3-1-10', 34, 796),
(549, 'Провод АМГЛ-25', 22, 6),
(550, 'Сетка экранная 100*4000', 39, 796),
(551, 'Соединитель болтовой СБх-3', 3, 796),
(552, 'Шланг 120/30х1300', 75, 796),
(553, 'Шланг 120/30х950', 75, 796),
(554, 'Шланг 120/40х1300', 75, 796),
(555, 'Шланг 90/24х1100', 75, 796),
(556, 'Муфта соединительная 1ПСТп(4*10)', 42, 839),
(557, 'Муфта ответвительная 1П5ОТпБ - 2/16', 73, 839),
(558, 'Соединитель болтовой СБх-0', 3, 796),
(559, 'Наконечник 2НБ-5х', 2, 796),
(560, 'Муфта концевая 1Р4КВТпН-1М', 83, 839),
(561, 'Трубка ТУТ 100/50', 25, 18),
(562, 'Шланг 140/40х1200', 75, 796),
(563, 'Шланг 200/65*1300', 75, 796),
(564, 'Лента герметик -0,25м', 33, 796),
(565, 'Манжета пальц. 45/18х120', 33, 796),
(566, 'Муфта концевая 35КВТпОН-1М', 84, 839),
(567, 'Муфта соединительная ПСТкБ(4-7)*0,75-1,5', 7, 839),
(568, 'Муфта соединительная ПСТкБ(4-7)*0,75-1,5', 7, 839),
(569, 'Муфта концевая 10КНТп-7М', 18, 839),
(570, 'Муфта концевая 10ПКНТпОН-1М', 44, 839),
(571, 'Муфта концевая 1Р4КВТпН-2', 83, 839),
(572, 'Муфта концевая 6ВКВТпН-3', 80, 839),
(573, 'Муфта концевая 6КВТпН-2', 10, 839),
(574, 'Муфта соединительная 1ПСТп (о.п.) -6', 42, 839),
(575, 'ТЗИ-4', 57, 796),
(576, 'Муфта концевая 35ПКНТпН-8', 85, 839),
(577, 'Муфта соединительная 35 ПСТп-8', 86, 839),
(578, 'Муфта концевая 1ПКВТпН-2', 28, 839),
(579, 'Муфта соединительная 1 ПСТпО-5', 64, 839),
(580, 'Муфта концевая 1ПКВТпОН-1М', 55, 839),
(581, 'Муфта концевая 1КВТпОН(трспб)-5', 45, 839),
(582, 'Муфта концевая 10КНТпОН-1', 87, 839),
(583, 'Муфта концевая 10КНТпОН-1М', 87, 839),
(584, 'Муфта концевая 10КНТпОН-2', 87, 839),
(585, 'Муфта концевая 10КНТпОН-3', 87, 839),
(586, 'Муфта концевая 10ПКНТпОН-3', 44, 839),
(587, 'Муфта концевая 1КНТп5-1', 62, 839),
(588, 'Муфта соединительная 10 СТпО-3', 71, 839),
(589, 'ТЗИ-1', 57, 796),
(590, 'ТЗИ-1х2 (с двумя горловинами)', 57, 796),
(591, 'Муфта концевая 1ПКНТпН-2', 36, 839),
(592, 'Муфта соединительная 1 СТпО(трспб)-5', 46, 839),
(593, 'Манжета поясная 45х150', 33, 796),
(594, 'Муфта концевая 35КНТпОН-1М', 74, 839),
(595, 'Терка', 22, 796),
(596, 'Муфта соединительная 1ПСТп-1', 42, 839),
(597, 'Муфта концевая 1КВТп5Н-2', 58, 839),
(598, 'Перчатка 3-1-1', 34, 796),
(599, 'Муфта соединительная 35ПСТпО-3', 16, 839),
(600, 'Муфта концевая 10Р4КВТпН-3', 35, 839),
(601, 'Муфта концевая 35ПКВТпОН-5', 12, 839),
(602, 'Муфта концевая 35ПКНТпОН-5', 37, 839),
(603, 'Трубка ТУТ 110/55', 25, 18),
(604, 'Трубка ТУТ 5/2', 25, 18),
(605, 'Трубка ТУТ 33/14 желтая', 25, 18),
(606, 'Трубка ТУТ 33/14 зеленая', 25, 18),
(607, 'Трубка ТУТ 33/14 красная', 25, 18),
(608, 'Муфта соединительная 10 ПСТпП-9', 69, 839),
(609, 'Муфта концевая 35ПКВТпО-4', 12, 839),
(610, 'Муфта концевая 35ПКНТпО-4', 37, 839),
(611, 'Муфта концевая 1ПКНТпОН-1М', 24, 839),
(612, 'Муфта ответвительная 1П4ОТп-4/35', 47, 839),
(613, 'Муфта соединительная 35ПСТпО-1М', 16, 839),
(614, 'Манжета  конц. 40х120', 27, 796),
(615, 'Шланг 120/40х450', 75, 796),
(616, 'Шланг 140/40х900', 75, 796),
(617, 'Муфта концевая 1ПКНТпОН-1', 24, 839),
(618, 'Муфта соединительная 1 ПСТпО-1М', 64, 839),
(619, 'Муфта соединительная 35ПСТпО-1', 16, 839),
(620, 'Муфта концевая 1ПКВТпБН-1', 23, 839),
(621, 'Муфта соединительная 1ПСТпБ-1', 9, 839),
(622, 'Манжета конц. 20х100 желтая', 33, 796),
(623, 'Манжета конц. 20х100 зеленая', 33, 796),
(624, 'Манжета конц. 20х100 красная', 33, 796),
(625, 'Манжета конц. 28х100 желтая', 33, 796),
(626, 'Манжета конц. 28х100 красная', 33, 796),
(627, 'Манжета конц. 33х120 желтая', 33, 796),
(628, 'Манжета конц. 33х120 зеленая', 33, 796),
(629, 'Муфта соединительная 35 СТпО-1М', 78, 839),
(630, 'Перчатка 3-0-1', 33, 796),
(631, 'Перчатка 5-0м-1', 33, 796),
(632, 'Перчатка 5-1-1', 33, 796),
(633, 'Шланг 33х400', 33, 796),
(634, 'Шланг 33х500', 33, 796),
(635, 'Муфта концевая 1ПКВТпН-3', 28, 839),
(636, 'Лента герметик 60мм', 20, 166),
(637, 'Муфта концевая 6ВКВТпН-1', 80, 839),
(638, 'Муфта концевая 6ВКВТпН-1М', 80, 839),
(639, 'Муфта соединительная 6ВСТп-1', 81, 839),
(640, 'Муфта концевая 35ПКНТпОН-4', 37, 839),
(641, 'Муфта концевая 1ВКВНТп-4', 60, 839),
(642, 'Муфта концевая 1ПКНТпОН-2', 24, 839),
(643, 'Муфта соединительная 35ПСТпО-5', 16, 839),
(644, 'Муфта ответвительная 1П4ОТпБ-4/16', 65, 839),
(645, 'Комплект пайки № 1', 39, 796),
(646, 'Комплект пайки № 4', 39, 796),
(647, 'Лента экранная L-8м', 20, 796),
(648, 'Манжета \"6\"', 27, 796),
(649, 'Трубка регулятор 50/16-120', 20, 796),
(650, 'Шланг 120/40х900', 75, 796),
(651, 'Комплект пайки № 2', 39, 796),
(652, 'Трубка ТУТ 15/6 желтая', 25, 18),
(653, 'Трубка ТУТ 15/6 красная', 25, 18),
(654, 'Трубка ТУТ 20/8 т.', 25, 18),
(655, 'Трубка ТУТ 20/8 т. желтая', 25, 18),
(656, 'Трубка ТУТ 20/8 т. красная', 25, 18),
(657, 'Трубка ТУТ 28/11 красная', 25, 18),
(658, 'Трубка ТУТ 50/20 желтая', 25, 18),
(659, 'Трубка ТУТ 50/20 красная', 25, 18),
(660, 'Шланг 120/40х950', 75, 796),
(661, 'Шланг 140/40х950', 75, 796),
(662, 'Муфта концевая 10ПКВТп-7', 52, 839),
(663, 'Муфта концевая 10ПКНТп-7', 56, 839),
(664, 'Муфта АТМ', NULL, 839),
(665, 'Муфта АТМ (без клея)', NULL, 839),
(666, 'Муфта АТМ-250', NULL, 839),
(667, 'Перчатка АТМ', NULL, 796),
(668, 'Перчатка АТМ (без клея)', NULL, 796),
(669, 'Перчатка двухпалая 2-0М-1 (без клея)', NULL, 796),
(670, 'Оконцеватель ОГТ-2 (бк)', NULL, 796),
(671, 'Комплект заз. КНК - 10мм2', NULL, 839),
(672, 'Комплект заз. КНС - 10мм2', NULL, 839),
(673, 'Комплект заз. КНС - 16мм2', NULL, 839),
(674, 'Комплект заз. КПК - 10мм2', NULL, 839),
(675, 'Комплект заз. КПК - 16мм2', NULL, 839),
(676, 'Комплект заз. КПК - 25мм2', NULL, 839),
(677, 'Комплект заз. КПК - 6мм2', NULL, 839),
(678, 'Комплект заз. КПС - 10мм2', NULL, 839),
(679, 'Комплект заз. КПС - 16мм2', NULL, 839),
(680, 'Комплект заз. КПС - 25мм2', NULL, 839),
(681, 'Комплект заз. КПС - 6мм2', NULL, 839),
(682, 'Провод концевой ПК-10мм2', NULL, 796),
(683, 'Провод концевой ПК-16мм2', NULL, 796),
(684, 'Провод концевой ПК-6мм2', NULL, 796),
(685, 'Провод ПМЛ-10', NULL, 6),
(686, 'Провод ПМЛ-6', NULL, 6),
(687, 'Пружина 12 мм2', NULL, 796),
(688, 'Пружина 16 мм2', NULL, 796),
(689, 'Пружина 25 мм2', NULL, 796),
(690, 'Пружина 35 мм2', NULL, 796),
(691, 'Терка 350х35', NULL, 796),
(692, 'Изолятор 45/12', NULL, 796),
(693, 'Изолятор 65/18', NULL, 796),
(694, 'Вулканизированная лента регулятор 60*200', NULL, 796),
(695, 'Лента герметик -0,15м', NULL, 796),
(696, 'Лента герметик -0,3м', NULL, 796),
(697, 'Лента герметик -0,5м', NULL, 796),
(698, 'Лента герметик -0,6м', NULL, 796),
(699, 'Лента герметик -0,9м', NULL, 796),
(700, 'Лента регулятор 110мм', NULL, 166),
(701, 'Лента регулятор 140мм', NULL, 166),
(702, 'Лента регулятор 25x0,1', NULL, 796),
(703, 'Лента регулятор 25x0,15', NULL, 796),
(704, 'Лента регулятор 25мм', NULL, 166),
(705, 'Лента регулятор 25х0,6', NULL, 796),
(706, 'Лента регулятор 25х0,8', NULL, 796),
(707, 'Лента регулятор 25х2,5', NULL, 796),
(708, 'Лента регулятор 60х2,5', NULL, 796),
(709, 'Лента регулятор сшитая 60мм', NULL, 166),
(710, 'Лента экранная', NULL, 18),
(711, 'Лента экранная L-4м', NULL, 796),
(712, 'Лента экранная L-6м', NULL, 796),
(713, 'Пластина регулятор 80мм', NULL, 166),
(714, 'Пластина-регулятор 110мм', NULL, 166),
(715, 'Пластина-регулятор 110х110', NULL, 796),
(716, 'Пластина-регулятор 140мм', NULL, 166),
(717, 'Пластина-регулятор 140х140', NULL, 796),
(718, 'Пластина-регулятор 140х160', NULL, 796),
(719, 'Пластина-регулятор 60х0,06', NULL, 796),
(720, 'Пластина-регулятор 60х0,2', NULL, 796),
(721, 'Пластина-регулятор 80х0,08', NULL, 796),
(722, 'Трекингостойкая трубка 50/16-550', NULL, 796),
(723, 'Трекингостойкая трубка 50/16-600', NULL, 796),
(724, 'Трекингостойкая трубка 60/21-400', NULL, 796),
(725, 'Трекингостойкая трубка 60/21-500', NULL, 796),
(726, 'Трекингостойкая трубка 60/21-550', NULL, 796),
(727, 'Трекингостойкая трубка 60/21-600', NULL, 796),
(728, 'Трекингостойкая трубка 60/28-400', NULL, 796),
(729, 'Трекингостойкая трубка 60/28-500', NULL, 796),
(730, 'Трекингостойкая трубка 60/28-550', NULL, 796),
(731, 'Трекингостойкая трубка 60/28-600', NULL, 796),
(732, 'Трекингостойкая трубка 80/28-400', NULL, 796),
(733, 'Трекингостойкая трубка 80/28-500', NULL, 796),
(734, 'Трекингостойкая трубка 80/28-550', NULL, 796),
(735, 'Трекингостойкая трубка 80/28-600', NULL, 796),
(736, 'Трубка регулятор 40/16-120', NULL, 796),
(737, 'Трубка регулятор 40/16-200-260', NULL, 796),
(738, 'Трубка регулятор 50/16-200-260', NULL, 796),
(739, 'Трубка регулятор 50/16-500', NULL, 796),
(740, 'Трубка регулятор 60/28-120', NULL, 796),
(741, 'Трубка регулятор 60/28-150', NULL, 796),
(742, 'Трубка регулятор 60/28-200-260', NULL, 796),
(743, 'Трубка регулятор 80/28-120', NULL, 796),
(744, 'Трубка регулятор 80/28-200-260', NULL, 796),
(745, 'Трубка-регулятор 30/12-120', NULL, 796),
(746, 'Трубка-регулятор 30/12-200', NULL, 796),
(747, 'Трубка-регулятор 30/12-200-240', NULL, 796),
(748, 'Трубка-регулятор 30/12-500', NULL, 796),
(749, 'Манжета  изолир. 28/11-550', NULL, 796),
(750, 'Манжета  конц. 20х100 желтая', NULL, 796),
(751, 'Манжета  конц. 20х100 зеленая', NULL, 796),
(752, 'Манжета  конц. 20х100 красная', NULL, 796),
(753, 'Манжета  конц. 20х100 цветные', NULL, 796),
(754, 'Манжета  конц. 28х100 желтая', NULL, 796),
(755, 'Манжета  конц. 28х100 зеленая', NULL, 796),
(756, 'Манжета  конц. 28х100 красная', NULL, 796),
(757, 'Манжета  конц. 28х100 цветные', NULL, 796),
(758, 'Манжета  конц. 28х200', NULL, 796),
(759, 'Манжета  конц. 33х120 цветная', NULL, 796),
(760, 'Манжета  конц. 40х120 цветная', NULL, 796),
(761, 'Манжета  конц. 40х330', NULL, 796),
(762, 'Манжета  конц. 45х120', NULL, 796),
(763, 'Манжета  конц. 45х120 желтая', NULL, 796),
(764, 'Манжета  конц. 45х120 зеленая', NULL, 796),
(765, 'Манжета  конц. 45х120 красная', NULL, 796),
(766, 'Манжета  конц. 45х120 цветная', NULL, 796),
(767, 'Манжета  поясн. 100х200', NULL, 796),
(768, 'Манжета  поясн. 120х450', NULL, 796),
(769, 'Манжета  поясн. 50х150', NULL, 796),
(770, 'Манжета  поясн. 60х300', NULL, 796),
(771, 'Манжета  поясн. 70х300', NULL, 796),
(772, 'Манжета  поясн. 80х300', NULL, 796),
(773, 'Манжета  поясн. 80х350', NULL, 796),
(774, 'Манжета \"6\"-450', NULL, 796),
(775, 'Манжета \"7\" двухслойная', NULL, 796),
(776, 'Манжета \"8\"- 450 двухслойная', NULL, 796),
(777, 'Манжета \"9\"- 450 двухслойная', NULL, 796),
(778, 'Манжета 120/40-450', NULL, 796),
(779, 'Манжета 15/100', NULL, 796),
(780, 'Манжета 15/200', NULL, 796),
(781, 'Манжета 15/300', NULL, 796),
(782, 'Манжета 28/160', NULL, 796),
(783, 'Манжета 33*450', NULL, 796),
(784, 'Манжета 33*500', NULL, 796),
(785, 'Манжета 33х200', NULL, 796),
(786, 'Манжета 45*450', NULL, 796),
(787, 'Манжета 60/30-120', NULL, 796),
(788, 'Манжета 60/30-240', NULL, 796),
(789, 'Манжета 70*300', NULL, 796),
(790, 'Манжета МИ-6*450', NULL, 796),
(791, 'Манжета МИд-8*450', NULL, 796),
(792, 'Манжета ремонтная 100/25-1500', NULL, 796),
(793, 'Манжета ремонтная 125/30-1500', NULL, 796),
(794, 'Манжета ремонтная 143/36-1000', NULL, 796),
(795, 'Манжета ремонтная 250/98-1500', NULL, 796),
(796, 'Манжета ремонтная 34/10-1500', NULL, 796),
(797, 'Манжета ремонтная 43/8-1000', NULL, 796),
(798, 'Манжета ремонтная 53/13-1500', NULL, 796),
(799, 'Манжета ремонтная 84/20-1500', NULL, 796),
(800, 'Манжета ремонтная 92/25-1000', NULL, 796),
(801, 'Вкладыш 400мм', NULL, 796),
(802, 'Жир паяльный', NULL, 166),
(803, 'Заполнитель+распорка к СТп-8', NULL, 796),
(804, 'Заполнитель+распорка к СТп-9', NULL, 796),
(805, 'Комплект пайки № 3', NULL, 796),
(806, 'Коробка к СТп-9', NULL, 796),
(807, 'Плетенка ПМЛ 30*40', NULL, 18),
(808, 'Проволока бандажная, 4 м.', NULL, 796),
(809, 'Разделитель', NULL, 796),
(810, 'Распорка фазная', NULL, 796),
(811, 'Сетка экранная', NULL, 18),
(812, 'смазка токопроводящая', NULL, 166),
(813, 'Муфта концевая 1В2КВНТп-1', NULL, 839),
(814, 'Муфта концевая 1В2КВНТп-1М', NULL, 839),
(815, 'Муфта концевая 1В2КВНТпН-1', NULL, 839),
(816, 'Муфта концевая 1В2КВНТпН-1М', NULL, 839),
(817, 'Муфта концевая 1В5КВНТп-1', NULL, 839),
(818, 'Муфта концевая 1В5КВНТп-1М', NULL, 839),
(819, 'Муфта концевая 1В5КВНТп-2', NULL, 839),
(820, 'Муфта концевая 1В5КВНТп-3', NULL, 839),
(821, 'Муфта концевая 1ВКВНТп-1', NULL, 839),
(822, 'Муфта концевая 1ВКВНТп-1М', NULL, 839),
(823, 'Муфта концевая 1ВКВНТп-2', NULL, 839),
(824, 'Муфта концевая 1ВКВНТп-3', NULL, 839),
(825, 'Муфта концевая 1ВКВНТп-5', NULL, 839),
(826, 'Муфта концевая 1ВКВНТп-6', NULL, 839),
(827, 'Муфта концевая 1ВКВНТпБН-6', NULL, 839),
(828, 'Муфта концевая 1ВКВНТпН-1', NULL, 839),
(829, 'Муфта концевая 1ВКВНТпН-2', NULL, 839),
(830, 'Муфта концевая 1ВКВНТпН-3', NULL, 839),
(831, 'Муфта концевая 6ВКВТп-1', NULL, 839),
(832, 'Муфта концевая 6ВКВТп-1М', NULL, 839),
(833, 'Муфта концевая 6ВКВТп-3', NULL, 839),
(834, 'Муфта концевая 6ВКВТпН-2', NULL, 839),
(835, 'Муфта концевая 6ВКНТп-1', NULL, 839),
(836, 'Муфта концевая 6ВКНТп-1М', NULL, 839),
(837, 'Муфта концевая 6ВКНТп-2', NULL, 839),
(838, 'Муфта концевая 6ВКНТп-3', NULL, 839),
(839, 'Муфта концевая 6ВКНТпН-1', NULL, 839),
(840, 'Муфта концевая 6ВКНТпН-1М', NULL, 839),
(841, 'Муфта концевая 6ВКНТпН-2', NULL, 839),
(842, 'Муфта концевая 6ВКНТпН-3', NULL, 839),
(843, 'Муфта концевая 1КВТпН-4 р.ж.', NULL, 839),
(844, 'Муфта концевая 35КВТп-7', NULL, 839),
(845, 'Муфта концевая 35КВТп-8', NULL, 839),
(846, 'Муфта концевая 35КВТп-9', NULL, 839),
(847, 'Муфта концевая 35КВТпН-7', NULL, 839),
(848, 'Муфта концевая 35КВТпН-8', NULL, 839),
(849, 'Муфта концевая 35КВТпН-9', NULL, 839),
(850, 'Муфта концевая 1КВТп5-1', NULL, 839),
(851, 'Муфта концевая 1КВТпО-1', NULL, 839),
(852, 'Муфта концевая 1КВТпО-1М', NULL, 839),
(853, 'Муфта концевая 1КВТпО-5', NULL, 839),
(854, 'Муфта концевая 1КВТпОН-1М', NULL, 839),
(855, 'Муфта концевая 1КВТпОН-2', NULL, 839),
(856, 'Муфта концевая 1КВТпОН-3', NULL, 839),
(857, 'Муфта концевая 1КВТпОН-4', NULL, 839),
(858, 'Муфта концевая 1КВТпОН-5', NULL, 839),
(859, 'Муфта концевая 3КВТпО-3', NULL, 839),
(860, 'Муфта концевая 10КВТпО-1', NULL, 839),
(861, 'Муфта концевая 10КВТпО-1М', NULL, 839),
(862, 'Муфта концевая 10КВТпО-2', NULL, 839),
(863, 'Муфта концевая 10КВТпО-3', NULL, 839),
(864, 'Муфта концевая 10КВТпО-4', NULL, 839),
(865, 'Муфта концевая 10КВТпО-5', NULL, 839),
(866, 'Муфта концевая 10КВТпОН-1', NULL, 839),
(867, 'Муфта концевая 10КВТпОН-1М', NULL, 839),
(868, 'Муфта концевая 10КВТпОН-2', NULL, 839),
(869, 'Муфта концевая 10КВТпОН-3', NULL, 839),
(870, 'Муфта концевая 10КВТпОН-4', NULL, 839),
(871, 'Муфта концевая 10КВТпОН-5', NULL, 839),
(872, 'Муфта концевая 35КВТпО-1', NULL, 839),
(873, 'Муфта концевая 35КВТпО-1М', NULL, 839),
(874, 'Муфта концевая 35КВТпО-2', NULL, 839),
(875, 'Муфта концевая 35КВТпО-3', NULL, 839),
(876, 'Муфта концевая 35КВТпО-4', NULL, 839),
(877, 'Муфта концевая 35КВТпО-5', NULL, 839),
(878, 'Муфта концевая 35КВТпОН-1', NULL, 839),
(879, 'Муфта концевая 35КВТпОН-2', NULL, 839),
(880, 'Муфта концевая 35КВТпОН-3', NULL, 839),
(881, 'Муфта концевая 35КВТпОН-4', NULL, 839),
(882, 'Муфта концевая 35КВТпОН-5', NULL, 839),
(883, 'Муфта концевая 1КНТп-1М', NULL, 839),
(884, 'Муфта концевая 35КНТп-7', NULL, 839),
(885, 'Муфта концевая 35КНТп-8', NULL, 839),
(886, 'Муфта концевая 35КНТп-9', NULL, 839),
(887, 'Муфта концевая 35КНТпН-7', NULL, 839),
(888, 'Муфта концевая 35КНТпН-8', NULL, 839),
(889, 'Муфта концевая 6КНТп-2', NULL, 839),
(890, 'Муфта концевая 1КНТп5-3', NULL, 839),
(891, 'Муфта концевая 1КНТп5Н-1М', NULL, 839),
(892, 'Муфта концевая 10КНТпО-1', NULL, 839),
(893, 'Муфта концевая 10КНТпО-1М', NULL, 839),
(894, 'Муфта концевая 10КНТпО-2', NULL, 839),
(895, 'Муфта концевая 10КНТпО-3', NULL, 839),
(896, 'Муфта концевая 10КНТпО-4', NULL, 839),
(897, 'Муфта концевая 10КНТпО-5', NULL, 839),
(898, 'Муфта концевая 10КНТпОН-4', NULL, 839),
(899, 'Муфта концевая 10КНТпОН-5', NULL, 839),
(900, 'Муфта концевая 1КНТпОН(трспб)-5', NULL, 839),
(901, 'Муфта концевая 35КНТпО-1', NULL, 839),
(902, 'Муфта концевая 35КНТпО-1М', NULL, 839),
(903, 'Муфта концевая 35КНТпО-3', NULL, 839),
(904, 'Муфта концевая 35КНТпО-4', NULL, 839),
(905, 'Муфта концевая 35КНТпО-5', NULL, 839),
(906, 'Муфта концевая 35КНТпОН-2', NULL, 839),
(907, 'Муфта концевая 35КНТпОН-3', NULL, 839),
(908, 'Муфта концевая 35КНТпОН-4', NULL, 839),
(909, 'Муфта концевая 35КНТпОН-5', NULL, 839),
(910, 'Муфта концевая 1П2КВТп-1', NULL, 839),
(911, 'Муфта концевая 1П2КВТп-1М', NULL, 839),
(912, 'Муфта концевая 1П2КВТп-2', NULL, 839),
(913, 'Муфта концевая 1П2КВТп-3', NULL, 839),
(914, 'Муфта концевая 1П2КВТпБ-1', NULL, 839),
(915, 'Муфта концевая 1П2КВТпБН-1', NULL, 839),
(916, 'Муфта концевая 1П2КВТпБН-1М', NULL, 839),
(917, 'Муфта концевая 1П2КВТпБН-2', NULL, 839),
(918, 'Муфта концевая 1П2КВТпБН-3', NULL, 839),
(919, 'Муфта концевая 1П2КВТпН-1', NULL, 839),
(920, 'Муфта концевая 1П2КВТпН-1М', NULL, 839),
(921, 'Муфта концевая 1П2КВТпН-2', NULL, 839),
(922, 'Муфта концевая 1П2КВТпН-3', NULL, 839),
(923, 'Муфта концевая 1П2КВТпН(трспб)-3', NULL, 839),
(924, 'Муфта концевая 1П2КНТп-1', NULL, 839),
(925, 'Муфта концевая 1П2КНТп-1М', NULL, 839),
(926, 'Муфта концевая 1П2КНТп-2', NULL, 839),
(927, 'Муфта концевая 1П2КНТп-3', NULL, 839),
(928, 'Муфта концевая 1П2КНТпБ-1', NULL, 839),
(929, 'Муфта концевая 1П2КНТпБ-1М', NULL, 839),
(930, 'Муфта концевая 1П2КНТпБ-2', NULL, 839),
(931, 'Муфта концевая 1П2КНТпБ-3', NULL, 839),
(932, 'Муфта концевая 1П2КНТпБН-1', NULL, 839),
(933, 'Муфта концевая 1П2КНТпБН-1М', NULL, 839),
(934, 'Муфта концевая 1П2КНТпБН-3', NULL, 839),
(935, 'Муфта концевая 1П2КНТпН-1', NULL, 839),
(936, 'Муфта концевая 1П2КНТпН-1М', NULL, 839),
(937, 'Муфта концевая 1П2КНТпН-2', NULL, 839),
(938, 'Муфта концевая 1П2КНТпН-3', NULL, 839),
(939, 'Муфта концевая 1П5КВТпБ-1М', NULL, 839),
(940, 'Муфта концевая 1П5КНТпБ-3', NULL, 839),
(941, 'Муфта концевая 10ПКВТп-7М', NULL, 839),
(942, 'Муфта концевая 10ПКВТпН (3х300)', NULL, 839),
(943, 'Муфта концевая 10ПКВТпН-8 (1200)', NULL, 839),
(944, 'Муфта концевая 1ПКВТп-1М', NULL, 839),
(945, 'Муфта концевая 1ПКВТп-3', NULL, 839),
(946, 'Муфта концевая 1ПКВТпН-5 (р.ж.)', NULL, 839),
(947, 'Муфта концевая 1ПКВТпН-6 (р.ж.)', NULL, 839),
(948, 'Муфта концевая 1ПКВТпН(3х10)', NULL, 839),
(949, 'Муфта концевая 1ПКВТпН(4х10)', NULL, 839),
(950, 'Муфта концевая 20ПКВТп-7', NULL, 839),
(951, 'Муфта концевая 20ПКВТп-8', NULL, 839),
(952, 'Муфта концевая 20ПКВТп-9', NULL, 839),
(953, 'Муфта концевая 20ПКВТпН-7', NULL, 839),
(954, 'Муфта концевая 20ПКВТпН-8', NULL, 839),
(955, 'Муфта концевая 20ПКВТпН-9', NULL, 839),
(956, 'Муфта концевая 35ПКВТп-7', NULL, 839),
(957, 'Муфта концевая 35ПКВТп-8', NULL, 839),
(958, 'Муфта концевая 35ПКВТп-9', NULL, 839),
(959, 'Муфта концевая 35ПКВТпН-7', NULL, 839),
(960, 'Муфта концевая 35ПКВТпН-9', NULL, 839),
(961, 'Муфта концевая 1ПКВТпБ-1', NULL, 839),
(962, 'Муфта концевая 1ПКВТпБ-1М', NULL, 839),
(963, 'Муфта концевая 1ПКВТпБ-2', NULL, 839),
(964, 'Муфта концевая 1ПКВТпБ-3', NULL, 839),
(965, 'Муфта концевая 1ПКВТпБ-4М', NULL, 839),
(966, 'Муфта концевая 1ПКВТпБН-3(300*400)', NULL, 839),
(967, 'Муфта концевая 1ПКВТпБН(3х10)', NULL, 839),
(968, 'Муфта концевая 1ПКВТпБН(4х10)', NULL, 839),
(969, 'Муфта концевая 10ПКВТпЛ-7', NULL, 839),
(970, 'Муфта концевая 10ПКВТпЛ-9', NULL, 839),
(971, 'Муфта концевая 10ПКВТпЛН(3*300)', NULL, 839),
(972, 'Муфта концевая 10ПКВТпО-3', NULL, 839),
(973, 'Муфта концевая 10ПКВТпО-4', NULL, 839),
(974, 'Муфта концевая 10ПКВТпО-5', NULL, 839),
(975, 'Муфта концевая 10ПКВТпО-50мм', NULL, 839),
(976, 'Муфта концевая 10ПКВТпОНпк-1', NULL, 839),
(977, 'Муфта концевая 10ПКВТпОНпк-2', NULL, 839),
(978, 'Муфта концевая 12ПКВТпО-120/120', NULL, 839),
(979, 'Муфта концевая 12ПКВТпО-25/25', NULL, 839),
(980, 'Муфта концевая 12ПКВТпО-300/300', NULL, 839),
(981, 'Муфта концевая 12ПКВТпО-400/400', NULL, 839),
(982, 'Муфта концевая 1ПКВТпО-1М', NULL, 839),
(983, 'Муфта концевая 1ПКВТпО-3', NULL, 839),
(984, 'Муфта концевая 1ПКВТпО-4', NULL, 839),
(985, 'Муфта концевая 1ПКВТпО-5', NULL, 839),
(986, 'Муфта концевая 1ПКВТпОН-5', NULL, 839),
(987, 'Муфта концевая 20 ПКВТпО-1', NULL, 839),
(988, 'Муфта концевая 20 ПКВТпО-1М', NULL, 839),
(989, 'Муфта концевая 20 ПКВТпО-2', NULL, 839),
(990, 'Муфта концевая 20 ПКВТпО-3', NULL, 839),
(991, 'Муфта концевая 20 ПКВТпО-4', NULL, 839),
(992, 'Муфта концевая 20 ПКВТпО-5', NULL, 839),
(993, 'Муфта концевая 20 ПКВТпОН-1', NULL, 839),
(994, 'Муфта концевая 20 ПКВТпОН-1М', NULL, 839),
(995, 'Муфта концевая 20 ПКВТпОН-2', NULL, 839),
(996, 'Муфта концевая 20 ПКВТпОН-3', NULL, 839),
(997, 'Муфта концевая 20 ПКВТпОН-4', NULL, 839),
(998, 'Муфта концевая 20 ПКВТпОН-5', NULL, 839),
(999, 'Муфта концевая 35ПКВТпО-1', NULL, 839),
(1000, 'Муфта концевая 35ПКВТпО-1М', NULL, 839),
(1001, 'Муфта концевая 35ПКВТпО-2', NULL, 839),
(1002, 'Муфта концевая 35ПКВТпО-3', NULL, 839),
(1003, 'Муфта концевая 35ПКВТпО-5', NULL, 839),
(1004, 'Муфта концевая 35ПКВТпОН-1М', NULL, 839),
(1005, 'Муфта концевая 10ПКНТп-7М', NULL, 839),
(1006, 'Муфта концевая 10ПКНТпН-7М', NULL, 839),
(1007, 'Муфта концевая 10ПКНТпНкп-7', NULL, 839),
(1008, 'Муфта концевая 1ПКНТп-1', NULL, 839),
(1009, 'Муфта концевая 1ПКНТп-1М', NULL, 839),
(1010, 'Муфта концевая 1ПКНТп-2', NULL, 839),
(1011, 'Муфта концевая 1ПКНТп-3', NULL, 839),
(1012, 'Муфта концевая 1ПКНТп-4М', NULL, 839),
(1013, 'Муфта концевая 1ПКНТпН-1', NULL, 839),
(1014, 'Муфта концевая 1ПКНТпН-1М', NULL, 839),
(1015, 'Муфта концевая 1ПКНТпН-6 р.ж.', NULL, 839),
(1016, 'Муфта концевая 1ПКНТпНкп-6', NULL, 839),
(1017, 'Муфта концевая 20ПКНТп-7', NULL, 839),
(1018, 'Муфта концевая 20ПКНТп-8', NULL, 839),
(1019, 'Муфта концевая 20ПКНТп-9', NULL, 839),
(1020, 'Муфта концевая 20ПКНТпН-7', NULL, 839),
(1021, 'Муфта концевая 20ПКНТпН-8', NULL, 839),
(1022, 'Муфта концевая 20ПКНТпН-9', NULL, 839),
(1023, 'Муфта концевая 35ПКНТп-7', NULL, 839),
(1024, 'Муфта концевая 35ПКНТп-8', NULL, 839),
(1025, 'Муфта концевая 35ПКНТп-9', NULL, 839),
(1026, 'Муфта концевая 35ПКНТпН-7', NULL, 839),
(1027, 'Муфта концевая 35ПКНТпН-9', NULL, 839),
(1028, 'Муфта концевая 1ПКНТпБН-1', NULL, 839),
(1029, 'Муфта концевая 1ПКНТпБН-2', NULL, 839),
(1030, 'Муфта концевая 1ПКНТпБН-3', NULL, 839),
(1031, 'Муфта концевая 1ПКНТпБН-300', NULL, 839),
(1032, 'Муфта концевая 1ПКНТпБН-6 р.ж.', NULL, 839),
(1033, 'Муфта концевая 10ПКНТпЛ-7', NULL, 839),
(1034, 'Муфта концевая 10ПКНТпЛ-9', NULL, 839),
(1035, 'Муфта концевая 10ПКНТпО-3', NULL, 839),
(1036, 'Муфта концевая 10ПКНТпО-4', NULL, 839),
(1037, 'Муфта концевая 10ПКНТпО-5', NULL, 839),
(1038, 'Муфта концевая 10ПКНТпОН-5', NULL, 839),
(1039, 'Муфта концевая 1ПКНТпО-1', NULL, 839),
(1040, 'Муфта концевая 1ПКНТпО-1М', NULL, 839),
(1041, 'Муфта концевая 1ПКНТпО-2', NULL, 839),
(1042, 'Муфта концевая 1ПКНТпО-3', NULL, 839),
(1043, 'Муфта концевая 1ПКНТпО-4', NULL, 839),
(1044, 'Муфта концевая 20ПКНТпО-1', NULL, 839),
(1045, 'Муфта концевая 20ПКНТпО-1М', NULL, 839),
(1046, 'Муфта концевая 20ПКНТпО-2', NULL, 839),
(1047, 'Муфта концевая 20ПКНТпО-3', NULL, 839),
(1048, 'Муфта концевая 20ПКНТпО-4', NULL, 839),
(1049, 'Муфта концевая 20ПКНТпО-5', NULL, 839),
(1050, 'Муфта концевая 20ПКНТпОН-1', NULL, 839),
(1051, 'Муфта концевая 20ПКНТпОН-1М', NULL, 839),
(1052, 'Муфта концевая 20ПКНТпОН-2', NULL, 839),
(1053, 'Муфта концевая 20ПКНТпОН-3', NULL, 839),
(1054, 'Муфта концевая 20ПКНТпОН-4', NULL, 839),
(1055, 'Муфта концевая 20ПКНТпОН-5', NULL, 839),
(1056, 'Муфта концевая 35ПКНТпО-1М', NULL, 839),
(1057, 'Муфта концевая 35ПКНТпО-2', NULL, 839),
(1058, 'Муфта концевая 35ПКНТпО-3', NULL, 839),
(1059, 'Муфта концевая 35ПКНТпО-5', NULL, 839),
(1060, 'Муфта концевая 35ПКНТпОН-1М', NULL, 839),
(1061, 'Муфта концевая 10Р4КВТп-1', NULL, 839),
(1062, 'Муфта концевая 10Р4КВТп-1М', NULL, 839),
(1063, 'Муфта концевая 10Р4КВТп-1ом', NULL, 839),
(1064, 'Муфта концевая 10Р4КВТп-2', NULL, 839),
(1065, 'Муфта концевая 10Р4КВТп-3', NULL, 839),
(1066, 'Муфта концевая 10Р4КВТпН-1М', NULL, 839),
(1067, 'Муфта концевая 10Р4КВТпН-1ом', NULL, 839),
(1068, 'Муфта концевая 1Р4КВТп-1', NULL, 839),
(1069, 'Муфта концевая 1Р4КВТп-1М', NULL, 839),
(1070, 'Муфта концевая 1Р4КВТп-2', NULL, 839),
(1071, 'Муфта концевая 1Р4КВТп-3', NULL, 839),
(1072, 'Муфта концевая 1Р4КВТпН-1', NULL, 839),
(1073, 'Муфта концевая 1Р4КВТпН-3', NULL, 839),
(1074, 'Муфта концевая 10Р4КНТп-1', NULL, 839),
(1075, 'Муфта концевая 10Р4КНТп-1М', NULL, 839),
(1076, 'Муфта концевая 10Р4КНТп-1ом', NULL, 839),
(1077, 'Муфта концевая 10Р4КНТпН-1ом', NULL, 839),
(1078, 'Муфта концевая 1Р4КНТп-1', NULL, 839),
(1079, 'Муфта концевая 1Р4КНТп-1М', NULL, 839),
(1080, 'Муфта концевая 1Р4КНТп-2', NULL, 839),
(1081, 'Муфта концевая 1Р4КНТп-3', NULL, 839),
(1082, 'Муфта концевая 1Р4КНТпН-1', NULL, 839),
(1083, 'Муфта концевая 1Р4КНТпН-1М', NULL, 839),
(1084, 'Муфта концевая 1Р4КНТпН-2', NULL, 839),
(1085, 'Муфта концевая 1Р4КНТпН-3', NULL, 839),
(1086, 'Муфта концевая 10Р5КВТп-1', NULL, 839),
(1087, 'Муфта концевая 10Р5КВТп-1М', NULL, 839),
(1088, 'Муфта концевая 10Р5КВТп-2', NULL, 839),
(1089, 'Муфта концевая 10Р5КВТп-3', NULL, 839),
(1090, 'Муфта концевая 10Р5КВТпН-1', NULL, 839),
(1091, 'Муфта концевая 10Р5КВТпН-3', NULL, 839),
(1092, 'Муфта концевая 1Р5КВТп-1', NULL, 839),
(1093, 'Муфта концевая 1Р5КВТп-1М', NULL, 839),
(1094, 'Муфта концевая 1Р5КВТп-2', NULL, 839),
(1095, 'Муфта концевая 1Р5КВТп-3', NULL, 839),
(1096, 'Муфта концевая 1Р5КВТпН-1', NULL, 839),
(1097, 'Муфта концевая 1Р5КВТпН-1М', NULL, 839),
(1098, 'Муфта концевая 1Р5КВТпН-2', NULL, 839),
(1099, 'Муфта концевая 1Р5КВТпН-3', NULL, 839),
(1100, 'Муфта концевая 10Р5КНТп-1', NULL, 839),
(1101, 'Муфта концевая 10Р5КНТп-1М', NULL, 839),
(1102, 'Муфта концевая 10Р5КНТп-2', NULL, 839),
(1103, 'Муфта концевая 10Р5КНТп-3', NULL, 839),
(1104, 'Муфта концевая 10Р5КНТпН-1', NULL, 839),
(1105, 'Муфта концевая 10Р5КНТпН-1М', NULL, 839),
(1106, 'Муфта концевая 10Р5КНТпН-2', NULL, 839),
(1107, 'Муфта концевая 10Р5КНТпН-3', NULL, 839),
(1108, 'Муфта концевая 1Р5КНТп-1', NULL, 839),
(1109, 'Муфта концевая 1Р5КНТп-1М', NULL, 839),
(1110, 'Муфта концевая 1Р5КНТп-2', NULL, 839),
(1111, 'Муфта концевая 1Р5КНТп-3', NULL, 839),
(1112, 'Муфта концевая 1Р5КНТпН-1', NULL, 839),
(1113, 'Муфта концевая 1Р5КНТпН-1М', NULL, 839),
(1114, 'Муфта концевая 1Р5КНТпН-2', NULL, 839),
(1115, 'Муфта концевая 1Р5КНТпН-3', NULL, 839),
(1116, 'Муфта концевая 10Р6КВТпН-1', NULL, 839),
(1117, 'Муфта концевая 10Р6КВТпН-2', NULL, 839),
(1118, 'Муфта концевая 10Р6КВТпН-3', NULL, 839),
(1119, 'Муфта концевая 1Р6КВТпН-1', NULL, 839),
(1120, 'Муфта концевая 1Р6КВТпН-2', NULL, 839),
(1121, 'Муфта концевая 1Р6КВТпН-3', NULL, 839),
(1122, 'Муфта концевая 10РКВТп-1', NULL, 839),
(1123, 'Муфта концевая 10РКВТп-1М', NULL, 839),
(1124, 'Муфта концевая 10РКВТп-2', NULL, 839),
(1125, 'Муфта концевая 10РКВТп-3', NULL, 839),
(1126, 'Муфта концевая 10РКВТпН-1', NULL, 839),
(1127, 'Муфта концевая 10РКВТпН-1М', NULL, 839),
(1128, 'Муфта концевая 10РКВТпН-2', NULL, 839),
(1129, 'Муфта концевая 10РКВТпН-3', NULL, 839),
(1130, 'Муфта концевая 10РКВТпОН-2', NULL, 839),
(1131, 'Муфта концевая 1РКВТпО-1', NULL, 839),
(1132, 'Муфта концевая 1РКВТпОН-1', NULL, 839),
(1133, 'Муфта концевая 10РКНТп-1', NULL, 839),
(1134, 'Муфта концевая 10РКНТп-1М', NULL, 839),
(1135, 'Муфта концевая 10РКНТп-2', NULL, 839),
(1136, 'Муфта концевая 10РКНТп-3', NULL, 839),
(1137, 'Муфта концевая 10РКНТпН-1', NULL, 839),
(1138, 'Муфта концевая 10РКНТпН-1М', NULL, 839),
(1139, 'Муфта концевая 10РКНТпН-2', NULL, 839),
(1140, 'Муфта концевая 10РКНТпН-3', NULL, 839),
(1141, 'Муфта концевая 10РКНТпОН-1', NULL, 839),
(1142, 'Муфта ответвительная 10 ОТп-120/120/120', NULL, 839),
(1143, 'Муфта ответвительная 10 ОТп-150/150/150', NULL, 839),
(1144, 'Муфта ответвительная 10 ОТп-150/150/185', NULL, 839),
(1145, 'Муфта ответвительная 10 ОТп-150/150/50', NULL, 839),
(1146, 'Муфта ответвительная 10 ОТп-240/120/120', NULL, 839),
(1147, 'Муфта ответвительная 10 ОТп-240/240/240', NULL, 839),
(1148, 'Муфта ответвительная 10 ОТп-50/50/95', NULL, 839),
(1149, 'Муфта ответвительная 10 ОТпО-240/120/120', NULL, 839),
(1150, 'Муфта ответвительная 10 ОТпП-240/240/240', NULL, 839),
(1151, 'Муфта ответвительная 10ПОТпО-185/185/185', NULL, 839),
(1152, 'Муфта ответвительная 10ПОТпО-240/120/120', NULL, 839),
(1153, 'Муфта ответвительная 1П2ОТп-1М/10', NULL, 839),
(1154, 'Муфта ответвительная 1П2ОТпБ-1М/25', NULL, 839),
(1155, 'Муфта ответвительная 1П3ОТп-1/10', NULL, 839),
(1156, 'Муфта ответвительная 1П3ОТп-1/16', NULL, 839),
(1157, 'Муфта ответвительная 1П3ОТп-1/25', NULL, 839),
(1158, 'Муфта ответвительная 1П3ОТп-1/35', NULL, 839),
(1159, 'Муфта ответвительная 1П3ОТп-1/50', NULL, 839),
(1160, 'Муфта ответвительная 1П3ОТп-1/6', NULL, 839),
(1161, 'Муфта ответвительная 1П3ОТп-1М/10', NULL, 839),
(1162, 'Муфта ответвительная 1П3ОТп-1М/16', NULL, 839),
(1163, 'Муфта ответвительная 1П3ОТп-1М/25', NULL, 839),
(1164, 'Муфта ответвительная 1П3ОТп-1М/6', NULL, 839),
(1165, 'Муфта ответвительная 1П3ОТп-2/10', NULL, 839),
(1166, 'Муфта ответвительная 1П3ОТп-2/16', NULL, 839);
INSERT INTO `product` (`ckey`, `tnam`, `cgr`, `it`) VALUES
(1167, 'Муфта ответвительная 1П3ОТп-2/25', NULL, 839),
(1168, 'Муфта ответвительная 1П3ОТп-2/35', NULL, 839),
(1169, 'Муфта ответвительная 1П3ОТп-2/50', NULL, 839),
(1170, 'Муфта ответвительная 1П3ОТп-2/6', NULL, 839),
(1171, 'Муфта ответвительная 1П3ОТп-2/70', NULL, 839),
(1172, 'Муфта ответвительная 1П3ОТп-2/95', NULL, 839),
(1173, 'Муфта ответвительная 1П3ОТп-3/10', NULL, 839),
(1174, 'Муфта ответвительная 1П3ОТп-3/120', NULL, 839),
(1175, 'Муфта ответвительная 1П3ОТп-3/150', NULL, 839),
(1176, 'Муфта ответвительная 1П3ОТп-3/16', NULL, 839),
(1177, 'Муфта ответвительная 1П3ОТп-3/185', NULL, 839),
(1178, 'Муфта ответвительная 1П3ОТп-3/240', NULL, 839),
(1179, 'Муфта ответвительная 1П3ОТп-3/25', NULL, 839),
(1180, 'Муфта ответвительная 1П3ОТп-3/35', NULL, 839),
(1181, 'Муфта ответвительная 1П3ОТп-3/50', NULL, 839),
(1182, 'Муфта ответвительная 1П3ОТп-3/6', NULL, 839),
(1183, 'Муфта ответвительная 1П3ОТп-3/70', NULL, 839),
(1184, 'Муфта ответвительная 1П3ОТп-3/95', NULL, 839),
(1185, 'Муфта ответвительная 1П3ОТпБ - 1/10', NULL, 839),
(1186, 'Муфта ответвительная 1П3ОТпБ - 1/16', NULL, 839),
(1187, 'Муфта ответвительная 1П3ОТпБ - 1/25', NULL, 839),
(1188, 'Муфта ответвительная 1П3ОТпБ - 1/35', NULL, 839),
(1189, 'Муфта ответвительная 1П3ОТпБ - 1/50', NULL, 839),
(1190, 'Муфта ответвительная 1П3ОТпБ - 1/6', NULL, 839),
(1191, 'Муфта ответвительная 1П3ОТпБ - 1М/10', NULL, 839),
(1192, 'Муфта ответвительная 1П3ОТпБ - 1М/16', NULL, 839),
(1193, 'Муфта ответвительная 1П3ОТпБ - 1М/25', NULL, 839),
(1194, 'Муфта ответвительная 1П3ОТпБ - 1М/6', NULL, 839),
(1195, 'Муфта ответвительная 1П3ОТпБ - 2/10', NULL, 839),
(1196, 'Муфта ответвительная 1П3ОТпБ - 2/120', NULL, 839),
(1197, 'Муфта ответвительная 1П3ОТпБ - 2/16', NULL, 839),
(1198, 'Муфта ответвительная 1П3ОТпБ - 2/25', NULL, 839),
(1199, 'Муфта ответвительная 1П3ОТпБ - 2/35', NULL, 839),
(1200, 'Муфта ответвительная 1П3ОТпБ - 2/50', NULL, 839),
(1201, 'Муфта ответвительная 1П3ОТпБ - 2/6', NULL, 839),
(1202, 'Муфта ответвительная 1П3ОТпБ - 2/70', NULL, 839),
(1203, 'Муфта ответвительная 1П3ОТпБ - 2/95', NULL, 839),
(1204, 'Муфта ответвительная 1П3ОТпБ - 3/10', NULL, 839),
(1205, 'Муфта ответвительная 1П3ОТпБ - 3/120', NULL, 839),
(1206, 'Муфта ответвительная 1П3ОТпБ - 3/150', NULL, 839),
(1207, 'Муфта ответвительная 1П3ОТпБ - 3/16', NULL, 839),
(1208, 'Муфта ответвительная 1П3ОТпБ - 3/185', NULL, 839),
(1209, 'Муфта ответвительная 1П3ОТпБ - 3/240', NULL, 839),
(1210, 'Муфта ответвительная 1П3ОТпБ - 3/25', NULL, 839),
(1211, 'Муфта ответвительная 1П3ОТпБ - 3/35', NULL, 839),
(1212, 'Муфта ответвительная 1П3ОТпБ - 3/50', NULL, 839),
(1213, 'Муфта ответвительная 1П3ОТпБ - 3/6', NULL, 839),
(1214, 'Муфта ответвительная 1П3ОТпБ - 3/70', NULL, 839),
(1215, 'Муфта ответвительная 1П3ОТпБ - 3/95', NULL, 839),
(1216, 'Муфта ответвительная 1П4ОТп-4/10', NULL, 839),
(1217, 'Муфта ответвительная 1П4ОТп-4/16', NULL, 839),
(1218, 'Муфта ответвительная 1П4ОТп-4/50', NULL, 839),
(1219, 'Муфта ответвительная 1П4ОТп-4/6', NULL, 839),
(1220, 'Муфта ответвительная 1П4ОТп-4/95', NULL, 839),
(1221, 'Муфта ответвительная 1П4ОТп-4М/10', NULL, 839),
(1222, 'Муфта ответвительная 1П4ОТп-4М/16', NULL, 839),
(1223, 'Муфта ответвительная 1П4ОТп-4М/25', NULL, 839),
(1224, 'Муфта ответвительная 1П4ОТп-4М/6', NULL, 839),
(1225, 'Муфта ответвительная 1П4ОТп-5/10', NULL, 839),
(1226, 'Муфта ответвительная 1П4ОТп-5/120', NULL, 839),
(1227, 'Муфта ответвительная 1П4ОТп-5/150', NULL, 839),
(1228, 'Муфта ответвительная 1П4ОТп-5/16', NULL, 839),
(1229, 'Муфта ответвительная 1П4ОТп-5/25', NULL, 839),
(1230, 'Муфта ответвительная 1П4ОТп-5/35', NULL, 839),
(1231, 'Муфта ответвительная 1П4ОТп-5/50', NULL, 839),
(1232, 'Муфта ответвительная 1П4ОТп-5/6', NULL, 839),
(1233, 'Муфта ответвительная 1П4ОТп-5/70', NULL, 839),
(1234, 'Муфта ответвительная 1П4ОТп-5/70*120', NULL, 839),
(1235, 'Муфта ответвительная 1П4ОТп-5/95', NULL, 839),
(1236, 'Муфта ответвительная 1П4ОТп-6/10', NULL, 839),
(1237, 'Муфта ответвительная 1П4ОТп-6/120', NULL, 839),
(1238, 'Муфта ответвительная 1П4ОТп-6/150', NULL, 839),
(1239, 'Муфта ответвительная 1П4ОТп-6/16', NULL, 839),
(1240, 'Муфта ответвительная 1П4ОТп-6/185', NULL, 839),
(1241, 'Муфта ответвительная 1П4ОТп-6/240', NULL, 839),
(1242, 'Муфта ответвительная 1П4ОТп-6/25', NULL, 839),
(1243, 'Муфта ответвительная 1П4ОТп-6/35', NULL, 839),
(1244, 'Муфта ответвительная 1П4ОТп-6/50', NULL, 839),
(1245, 'Муфта ответвительная 1П4ОТп-6/6', NULL, 839),
(1246, 'Муфта ответвительная 1П4ОТп-6/70', NULL, 839),
(1247, 'Муфта ответвительная 1П4ОТп-6/95', NULL, 839),
(1248, 'Муфта ответвительная 1П4ОТпБ - 6/10', NULL, 839),
(1249, 'Муфта ответвительная 1П4ОТпБ - 6/120', NULL, 839),
(1250, 'Муфта ответвительная 1П4ОТпБ - 6/150', NULL, 839),
(1251, 'Муфта ответвительная 1П4ОТпБ - 6/16', NULL, 839),
(1252, 'Муфта ответвительная 1П4ОТпБ - 6/185', NULL, 839),
(1253, 'Муфта ответвительная 1П4ОТпБ - 6/240', NULL, 839),
(1254, 'Муфта ответвительная 1П4ОТпБ - 6/25', NULL, 839),
(1255, 'Муфта ответвительная 1П4ОТпБ - 6/35', NULL, 839),
(1256, 'Муфта ответвительная 1П4ОТпБ - 6/50', NULL, 839),
(1257, 'Муфта ответвительная 1П4ОТпБ - 6/6', NULL, 839),
(1258, 'Муфта ответвительная 1П4ОТпБ - 6/70', NULL, 839),
(1259, 'Муфта ответвительная 1П4ОТпБ-4/25', NULL, 839),
(1260, 'Муфта ответвительная 1П4ОТпБ-4/35', NULL, 839),
(1261, 'Муфта ответвительная 1П4ОТпБ-4/50', NULL, 839),
(1262, 'Муфта ответвительная 1П4ОТпБ-4/6', NULL, 839),
(1263, 'Муфта ответвительная 1П4ОТпБ-4М/10', NULL, 839),
(1264, 'Муфта ответвительная 1П4ОТпБ-4М/16', NULL, 839),
(1265, 'Муфта ответвительная 1П4ОТпБ-4М/25', NULL, 839),
(1266, 'Муфта ответвительная 1П4ОТпБ-4М/6', NULL, 839),
(1267, 'Муфта ответвительная 1П4ОТпБ-5/10', NULL, 839),
(1268, 'Муфта ответвительная 1П4ОТпБ-5/120', NULL, 839),
(1269, 'Муфта ответвительная 1П4ОТпБ-5/16', NULL, 839),
(1270, 'Муфта ответвительная 1П4ОТпБ-5/25', NULL, 839),
(1271, 'Муфта ответвительная 1П4ОТпБ-5/35', NULL, 839),
(1272, 'Муфта ответвительная 1П4ОТпБ-5/50', NULL, 839),
(1273, 'Муфта ответвительная 1П4ОТпБ-5/6', NULL, 839),
(1274, 'Муфта ответвительная 1П4ОТпБ-5/70', NULL, 839),
(1275, 'Муфта ответвительная 1П4ОТпБ-5/95', NULL, 839),
(1276, 'Муфта ответвительная 1П5ОТп - 0М', NULL, 839),
(1277, 'Муфта ответвительная 1П5ОТп - 1/10', NULL, 839),
(1278, 'Муфта ответвительная 1П5ОТп - 1/16', NULL, 839),
(1279, 'Муфта ответвительная 1П5ОТп - 1/25', NULL, 839),
(1280, 'Муфта ответвительная 1П5ОТп - 1/35', NULL, 839),
(1281, 'Муфта ответвительная 1П5ОТп - 1/50', NULL, 839),
(1282, 'Муфта ответвительная 1П5ОТп - 1/6', NULL, 839),
(1283, 'Муфта ответвительная 1П5ОТп - 1М/10', NULL, 839),
(1284, 'Муфта ответвительная 1П5ОТп - 1М/16', NULL, 839),
(1285, 'Муфта ответвительная 1П5ОТп - 1М/16/16', NULL, 839),
(1286, 'Муфта ответвительная 1П5ОТп - 1М/2,5', NULL, 839),
(1287, 'Муфта ответвительная 1П5ОТп - 1М/25', NULL, 839),
(1288, 'Муфта ответвительная 1П5ОТп - 1М/3*2,5', NULL, 839),
(1289, 'Муфта ответвительная 1П5ОТп - 1М/6', NULL, 839),
(1290, 'Муфта ответвительная 1П5ОТп - 2/10', NULL, 839),
(1291, 'Муфта ответвительная 1П5ОТп - 2/120', NULL, 839),
(1292, 'Муфта ответвительная 1П5ОТп - 2/16', NULL, 839),
(1293, 'Муфта ответвительная 1П5ОТп - 2/25', NULL, 839),
(1294, 'Муфта ответвительная 1П5ОТп - 2/35', NULL, 839),
(1295, 'Муфта ответвительная 1П5ОТп - 2/50', NULL, 839),
(1296, 'Муфта ответвительная 1П5ОТп - 2/6', NULL, 839),
(1297, 'Муфта ответвительная 1П5ОТп - 2/70', NULL, 839),
(1298, 'Муфта ответвительная 1П5ОТп - 2/95', NULL, 839),
(1299, 'Муфта ответвительная 1П5ОТп - 3/10', NULL, 839),
(1300, 'Муфта ответвительная 1П5ОТп - 3/120', NULL, 839),
(1301, 'Муфта ответвительная 1П5ОТп - 3/150', NULL, 839),
(1302, 'Муфта ответвительная 1П5ОТп - 3/16', NULL, 839),
(1303, 'Муфта ответвительная 1П5ОТп - 3/185', NULL, 839),
(1304, 'Муфта ответвительная 1П5ОТп - 3/240', NULL, 839),
(1305, 'Муфта ответвительная 1П5ОТп - 3/25', NULL, 839),
(1306, 'Муфта ответвительная 1П5ОТп - 3/35', NULL, 839),
(1307, 'Муфта ответвительная 1П5ОТп - 3/50', NULL, 839),
(1308, 'Муфта ответвительная 1П5ОТп - 3/6', NULL, 839),
(1309, 'Муфта ответвительная 1П5ОТп - 3/70', NULL, 839),
(1310, 'Муфта ответвительная 1П5ОТп - 3/95', NULL, 839),
(1311, 'Муфта ответвительная 1П50ТпБ - 1/10', NULL, 839),
(1312, 'Муфта ответвительная 1П50ТпБ - 1/16', NULL, 839),
(1313, 'Муфта ответвительная 1П50ТпБ - 1/25', NULL, 839),
(1314, 'Муфта ответвительная 1П50ТпБ - 1/35', NULL, 839),
(1315, 'Муфта ответвительная 1П50ТпБ - 1/4', NULL, 839),
(1316, 'Муфта ответвительная 1П50ТпБ - 1/50', NULL, 839),
(1317, 'Муфта ответвительная 1П50ТпБ - 1/6', NULL, 839),
(1318, 'Муфта ответвительная 1П50ТпБ - 1М/16', NULL, 839),
(1319, 'Муфта ответвительная 1П50ТпБ - 1М/25', NULL, 839),
(1320, 'Муфта ответвительная 1П50ТпБ - 1М/4', NULL, 839),
(1321, 'Муфта ответвительная 1П50ТпБ - 1М/4', NULL, 839),
(1322, 'Муфта ответвительная 1П50ТпБ - 1М/6', NULL, 839),
(1323, 'Муфта ответвительная 1П5ОТпБ - 0М', NULL, 839),
(1324, 'Муфта ответвительная 1П5ОТпБ - 16/16/4/4', NULL, 839),
(1325, 'Муфта ответвительная 1П5ОТпБ - 1М/10', NULL, 839),
(1326, 'Муфта ответвительная 1П5ОТпБ - 2/10', NULL, 839),
(1327, 'Муфта ответвительная 1П5ОТпБ - 2/120', NULL, 839),
(1328, 'Муфта ответвительная 1П5ОТпБ - 2/25', NULL, 839),
(1329, 'Муфта ответвительная 1П5ОТпБ - 2/35', NULL, 839),
(1330, 'Муфта ответвительная 1П5ОТпБ - 2/50', NULL, 839),
(1331, 'Муфта ответвительная 1П5ОТпБ - 2/6', NULL, 839),
(1332, 'Муфта ответвительная 1П5ОТпБ - 2/70', NULL, 839),
(1333, 'Муфта ответвительная 1П5ОТпБ - 2/95', NULL, 839),
(1334, 'Муфта ответвительная 1П5ОТпБ - 3/10', NULL, 839),
(1335, 'Муфта ответвительная 1П5ОТпБ - 3/120', NULL, 839),
(1336, 'Муфта ответвительная 1П5ОТпБ - 3/150', NULL, 839),
(1337, 'Муфта ответвительная 1П5ОТпБ - 3/16', NULL, 839),
(1338, 'Муфта ответвительная 1П5ОТпБ - 3/185', NULL, 839),
(1339, 'Муфта ответвительная 1П5ОТпБ - 3/240', NULL, 839),
(1340, 'Муфта ответвительная 1П5ОТпБ - 3/25', NULL, 839),
(1341, 'Муфта ответвительная 1П5ОТпБ - 3/35', NULL, 839),
(1342, 'Муфта ответвительная 1П5ОТпБ - 3/50', NULL, 839),
(1343, 'Муфта ответвительная 1П5ОТпБ - 3/6', NULL, 839),
(1344, 'Муфта ответвительная 1П5ОТпБ - 3/70', NULL, 839),
(1345, 'Муфта ответвительная 1П5ОТпБ - 3/95', NULL, 839),
(1346, 'Муфта ответвительная 1П5ОТпБ - 70/70/10/10', NULL, 839),
(1347, 'Муфта ответвительная 1ПОТпБ-70/70', NULL, 839),
(1348, 'Муфта соединительная 6ВСТп (о.п.) -1', NULL, 839),
(1349, 'Муфта соединительная 6ВСТп (о.п.) -1М', NULL, 839),
(1350, 'Муфта соединительная 6ВСТп (о.п.) -2', NULL, 839),
(1351, 'Муфта соединительная 6ВСТп (о.п.) -3', NULL, 839),
(1352, 'Муфта соединительная 6ВСТп-1М', NULL, 839),
(1353, 'Муфта соединительная 6ВСТп-3', NULL, 839),
(1354, 'Муфта соединительная 1П2СТп-1', NULL, 839),
(1355, 'Муфта соединительная 1П2СТп-1М', NULL, 839),
(1356, 'Муфта соединительная 1П2СТп-2', NULL, 839),
(1357, 'Муфта соединительная 1П2СТп-3', NULL, 839),
(1358, 'Муфта соединительная 1П2СТпБ-1М', NULL, 839),
(1359, 'Муфта соединительная 1П5СТп (о.п.) - 1', NULL, 839),
(1360, 'Муфта соединительная 1П5СТп (о.п.) - 1М', NULL, 839),
(1361, 'Муфта соединительная 1П5СТп (о.п.) - 2', NULL, 839),
(1362, 'Муфта соединительная 1П5СТп (о.п.) - 3', NULL, 839),
(1363, 'Муфта соединительная 1П5СТп-3 р.ж.', NULL, 839),
(1364, 'Муфта соединительная 1П5СТпБ (о.п.) -1', NULL, 839),
(1365, 'Муфта соединительная 1П5СТпБ (о.п.) -1М', NULL, 839),
(1366, 'Муфта соединительная 1П5СТпБ (о.п.) -2', NULL, 839),
(1367, 'Муфта соединительная 1П5СТпБ (о.п.) -3', NULL, 839),
(1368, 'Муфта соединительная 1П5СТпБ-16/4', NULL, 839),
(1369, 'Муфта соединительная 1П5СТпБ-2/16', NULL, 839),
(1370, 'Муфта соединительная 1П5СТпБ-70/10', NULL, 839),
(1371, 'Муфта соединительная 10 ПСТпЛ-7', NULL, 839),
(1372, 'Муфта соединительная 10 ПСТпЛ-7М', NULL, 839),
(1373, 'Муфта соединительная 10ПСТпЛ (о.п.) - 7', NULL, 839),
(1374, 'Муфта соединительная 10ПСТпЛ (о.п.) - 8', NULL, 839),
(1375, 'Муфта соединительная 10ПСТпЛ (о.п.) - 9', NULL, 839),
(1376, 'Муфта соединительная 35 ПСТпЛ-8', NULL, 839),
(1377, 'Муфта соединительная 10 ПСТп (о.п.) - 7', NULL, 839),
(1378, 'Муфта соединительная 10 ПСТп (о.п.) - 8', NULL, 839),
(1379, 'Муфта соединительная 10 ПСТп (о.п.) - 9', NULL, 839),
(1380, 'Муфта соединительная 10 ПСТпкп-7', NULL, 839),
(1381, 'Муфта соединительная 10 ПСТпПЛ-7', NULL, 839),
(1382, 'Муфта соединительная 10 ПСТпПЛ-8', NULL, 839),
(1383, 'Муфта соединительная 10 ПСТпПЛ-9', NULL, 839),
(1384, 'Муфта соединительная 10 ПСТпПЛО-7', NULL, 839),
(1385, 'Муфта соединительная 10 ПСТпПЛО-8', NULL, 839),
(1386, 'Муфта соединительная 10 ПСТпПЛО-9', NULL, 839),
(1387, 'Муфта соединительная 10 ПСТпПО-300/400', NULL, 839),
(1388, 'Муфта соединительная 10 ПСТпПО-7', NULL, 839),
(1389, 'Муфта соединительная 10 ПСТпПО-8', NULL, 839),
(1390, 'Муфта соединительная 1ПСТп (о.п.) -1', NULL, 839),
(1391, 'Муфта соединительная 1ПСТп (о.п.) -1М', NULL, 839),
(1392, 'Муфта соединительная 1ПСТп (о.п.) -2', NULL, 839),
(1393, 'Муфта соединительная 1ПСТп (о.п.) -3', NULL, 839),
(1394, 'Муфта соединительная 1ПСТп (о.п.) -4', NULL, 839),
(1395, 'Муфта соединительная 1ПСТп (о.п.) -4М', NULL, 839),
(1396, 'Муфта соединительная 1ПСТп (о.п.) -5', NULL, 839),
(1397, 'Муфта соединительная 1ПСТп-3', NULL, 839),
(1398, 'Муфта соединительная 1ПСТп-4 (р.ж.)', NULL, 839),
(1399, 'Муфта соединительная 1ПСТп-4 без СБ', NULL, 839),
(1400, 'Муфта соединительная 1ПСТп-5 без СБ', NULL, 839),
(1401, 'Муфта соединительная 1ПСТп-6 (р.ж.)', NULL, 839),
(1402, 'Муфта соединительная 1ПСТп-6 без СБ', NULL, 839),
(1403, 'Муфта соединительная 1ПСТп(3*4) (без СБ)', NULL, 839),
(1404, 'Муфта соединительная 1ПСТп3х4-1', NULL, 839),
(1405, 'Муфта соединительная 1ПСТп3х4-1м', NULL, 839),
(1406, 'Муфта соединительная 1ПСТп3х4-2', NULL, 839),
(1407, 'Муфта соединительная 1ПСТп3х4-3', NULL, 839),
(1408, 'Муфта соединительная 1ПСТпкп-6', NULL, 839),
(1409, 'Муфта соединительная 1ПСТпБ (о.п.) - 1', NULL, 839),
(1410, 'Муфта соединительная 1ПСТпБ (о.п.) - 1М', NULL, 839),
(1411, 'Муфта соединительная 1ПСТпБ (о.п.) - 2', NULL, 839),
(1412, 'Муфта соединительная 1ПСТпБ (о.п.) - 3', NULL, 839),
(1413, 'Муфта соединительная 1ПСТпБ (о.п.) - 4', NULL, 839),
(1414, 'Муфта соединительная 1ПСТпБ (о.п.) - 4М', NULL, 839),
(1415, 'Муфта соединительная 1ПСТпБ (о.п.) - 5', NULL, 839),
(1416, 'Муфта соединительная 1ПСТпБ (о.п.) - 6', NULL, 839),
(1417, 'Муфта соединительная 1ПСТпБ-1М', NULL, 839),
(1418, 'Муфта соединительная 1ПСТпБ-2', NULL, 839),
(1419, 'Муфта соединительная 1ПСТпБ-6 р.ж.', NULL, 839),
(1420, 'Муфта соединительная 1ПСТпБ(3*10)', NULL, 839),
(1421, 'Муфта соединительная 1ПСТпБ(3*4) (без СБ)', NULL, 839),
(1422, 'Муфта соединительная 1ПСТпБ(4х300)', NULL, 839),
(1423, 'Муфта соединительная 1ПСТпБ(4х400)', NULL, 839),
(1424, 'Муфта соединительная 20ПСТп-7', NULL, 839),
(1425, 'Муфта соединительная 20ПСТп-8', NULL, 839),
(1426, 'Муфта соединительная 20ПСТп-9', NULL, 839),
(1427, 'Муфта соединительная 35 ПСТп-7', NULL, 839),
(1428, 'Муфта соединительная 35 ПСТп-9', NULL, 839),
(1429, 'Муфта соединительная 35 ПСТпП-8', NULL, 839),
(1430, 'Муфта соединительная 35 ПСТпП-9', NULL, 839),
(1431, 'Муфта соединительная 1ПСТпПБ(сип)-1М', NULL, 839),
(1432, 'Муфта соединительная 3ПСТпВ-2', NULL, 839),
(1433, 'Муфта соединительная 3ПСТпВ-70/50', NULL, 839),
(1434, 'Муфта соединительная ПСТкБ(10-37)*0,75-1', NULL, 839),
(1435, 'Муфта соединительная 10ПСТпО (о.п.) - 1', NULL, 839),
(1436, 'Муфта соединительная 10ПСТпО (о.п.) - 1М', NULL, 839),
(1437, 'Муфта соединительная 10ПСТпО (о.п.) - 3', NULL, 839),
(1438, 'Муфта соединительная 10ПСТпО (о.п.) - 4', NULL, 839),
(1439, 'Муфта соединительная 10ПСТпО (о.п.) - 5', NULL, 839),
(1440, 'Муфта соединительная 10ПСТпО-10мм', NULL, 839),
(1441, 'Муфта соединительная 10ПСТпО-1х120/16', NULL, 839),
(1442, 'Муфта соединительная 10ПСТпО-20мм', NULL, 839),
(1443, 'Муфта соединительная 10ПСТпО-2х240/25', NULL, 839),
(1444, 'Муфта соединительная 10ПСТпО-50мм', NULL, 839),
(1445, 'Муфта соединительная 10ПСТпОБ-1', NULL, 839),
(1446, 'Муфта соединительная 10ПСТпОБ-2', NULL, 839),
(1447, 'Муфта соединительная 10ПСТпОпк-1', NULL, 839),
(1448, 'Муфта соединительная 10ПСТпОпк-2', NULL, 839),
(1449, 'Муфта соединительная 10ПСТпОтр-4', NULL, 839),
(1450, 'Муфта соединительная 1 ПСТпО (о.п.) - 1', NULL, 839),
(1451, 'Муфта соединительная 1 ПСТпО (о.п.) - 1М', NULL, 839),
(1452, 'Муфта соединительная 1 ПСТпО (о.п.) - 2', NULL, 839),
(1453, 'Муфта соединительная 1 ПСТпО (о.п.) - 3', NULL, 839),
(1454, 'Муфта соединительная 1 ПСТпО (о.п.) - 4', NULL, 839),
(1455, 'Муфта соединительная 1 ПСТпО (о.п.) - 5', NULL, 839),
(1456, 'Муфта соединительная 1 ПСТпО-0М', NULL, 839),
(1457, 'Муфта соединительная 1 ПСТпО-1 без СБ', NULL, 796),
(1458, 'Муфта соединительная 1 ПСТпО-4', NULL, 839),
(1459, 'Муфта соединительная 20ПСТпО-1', NULL, 839),
(1460, 'Муфта соединительная 20ПСТпО-1М', NULL, 839),
(1461, 'Муфта соединительная 20ПСТпО-2', NULL, 839),
(1462, 'Муфта соединительная 20ПСТпО-3', NULL, 839),
(1463, 'Муфта соединительная 20ПСТпО-4', NULL, 839),
(1464, 'Муфта соединительная 20ПСТпО-5', NULL, 839),
(1465, 'Муфта соединительная 10Р4СТп (о.п.) -1', NULL, 839),
(1466, 'Муфта соединительная 10Р4СТп (о.п.) -1М', NULL, 839),
(1467, 'Муфта соединительная 10Р4СТп (о.п.) -2', NULL, 839),
(1468, 'Муфта соединительная 10Р4СТп (о.п.) -3', NULL, 839),
(1469, 'Муфта соединительная 10Р4СТп-1М', NULL, 839),
(1470, 'Муфта соединительная 10Р4СТп-1ом', NULL, 839),
(1471, 'Муфта соединительная 10Р5СТп (о.п.)-1', NULL, 839),
(1472, 'Муфта соединительная 10Р5СТп (о.п.)-1М', NULL, 839),
(1473, 'Муфта соединительная 10Р5СТп (о.п.)-2', NULL, 839),
(1474, 'Муфта соединительная 10Р5СТп (о.п.)-3', NULL, 839),
(1475, 'Муфта соединительная 10Р5СТп-1', NULL, 839),
(1476, 'Муфта соединительная 10Р5СТп-1М', NULL, 839),
(1477, 'Муфта соединительная 10Р5СТп-2', NULL, 839),
(1478, 'Муфта соединительная 10Р5СТп-3', NULL, 839),
(1479, 'Муфта соединительная 10Р6СТп-2', NULL, 839),
(1480, 'Муфта соединительная 10РСТп-1', NULL, 839),
(1481, 'Муфта соединительная 10РСТп-1М', NULL, 839),
(1482, 'Муфта соединительная 10РСТп-2', NULL, 839),
(1483, 'Муфта соединительная 10РСТп-3', NULL, 839),
(1484, 'Муфта соединительная 10РСТп-3 с заполнителем', NULL, 839),
(1485, 'Муфта соединительная 10РСТпЗ (3х50+3х25)', NULL, 839),
(1486, 'Муфта соединительная 1Р4СТп (о.п.) -1', NULL, 839),
(1487, 'Муфта соединительная 1Р4СТп (о.п.) -1М', NULL, 839),
(1488, 'Муфта соединительная 1Р4СТп (о.п.) -2', NULL, 839),
(1489, 'Муфта соединительная 1Р4СТп (о.п.) -3', NULL, 839),
(1490, 'Муфта соединительная 1Р4СТп-2', NULL, 839),
(1491, 'Муфта соединительная 1Р4СТп-3', NULL, 839),
(1492, 'Муфта соединительная 1Р5СТп (о.п.) -1', NULL, 839),
(1493, 'Муфта соединительная 1Р5СТп (о.п.) -1М', NULL, 839),
(1494, 'Муфта соединительная 1Р5СТп (о.п.) -2', NULL, 839),
(1495, 'Муфта соединительная 1Р5СТп (о.п.) -3', NULL, 839),
(1496, 'Муфта соединительная 1Р5СТп-1', NULL, 839),
(1497, 'Муфта соединительная 1Р5СТп-3', NULL, 839),
(1498, 'Муфта соединительная 10СТпЗ-7М', NULL, 839),
(1499, 'Муфта соединительная 10СТпЗ(о.п.)-7', NULL, 839),
(1500, 'Муфта соединительная 10СТпЗ(о.п.)-8', NULL, 839),
(1501, 'Муфта соединительная 10СТпЗ(о.п.)-9', NULL, 839),
(1502, 'Муфта соединительная 10СТпМ-70/240', NULL, 839),
(1503, 'Муфта соединительная 10СТпМ(о.п.)-7', NULL, 839),
(1504, 'Муфта соединительная 10СТпМ(о.п.)-8', NULL, 839),
(1505, 'Муфта соединительная 10СТпМ(о.п.)-9', NULL, 839),
(1506, 'Муфта соединительная 10СТпМР-7', NULL, 839),
(1507, 'Муфта соединительная 10СТпУ-8', NULL, 839),
(1508, 'Муфта соединительная 10СТпУ-9', NULL, 839),
(1509, 'Муфта соединительная 1 СТп(о.п.)-1', NULL, 839),
(1510, 'Муфта соединительная 1 СТп(о.п.)-1М', NULL, 839),
(1511, 'Муфта соединительная 1 СТп(о.п.)-2', NULL, 839),
(1512, 'Муфта соединительная 1 СТп(о.п.)-3', NULL, 839),
(1513, 'Муфта соединительная 1 СТп(о.п.)-4', NULL, 839),
(1514, 'Муфта соединительная 1 СТп(о.п.)-4М', NULL, 839),
(1515, 'Муфта соединительная 1 СТп(о.п.)-5', NULL, 839),
(1516, 'Муфта соединительная 1 СТп(о.п.)-6', NULL, 839),
(1517, 'Муфта соединительная 1 СТпПБ-95/185', NULL, 839),
(1518, 'Муфта соединительная 1 СТпПБ(4/3+1)-1', NULL, 839),
(1519, 'Муфта соединительная 1 СТпПО-185/120', NULL, 839),
(1520, 'Муфта соединительная 35СТп-9/120', NULL, 839),
(1521, 'Муфта соединительная 35СТпП-8', NULL, 839),
(1522, 'Муфта соединительная 10СТп-7 без СБ', NULL, 839),
(1523, 'Муфта соединительная 10СТп-8 без СБ', NULL, 839),
(1524, 'Муфта соединительная 10СТп-9 без СБ', NULL, 839),
(1525, 'Муфта соединительная 10СТп(о.п.)-7', NULL, 839),
(1526, 'Муфта соединительная 10СТп(о.п.)-7М', NULL, 839),
(1527, 'Муфта соединительная 10СТп(о.п.)-8', NULL, 839),
(1528, 'Муфта соединительная 10СТп(о.п.)-9', NULL, 839),
(1529, 'Муфта соединительная 6СТп-2', NULL, 839),
(1530, 'Муфта соединительная 10СТпП 240/300', NULL, 839),
(1531, 'Муфта соединительная 10СТпП-7', NULL, 839),
(1532, 'Муфта соединительная 6СТпП-2', NULL, 839),
(1533, 'Муфта соединительная 1 СТп5 (о.п.) -1', NULL, 839),
(1534, 'Муфта соединительная 1 СТп5 (о.п.) -1М', NULL, 839),
(1535, 'Муфта соединительная 1 СТп5 (о.п.) -2', NULL, 839),
(1536, 'Муфта соединительная 1 СТп5 (о.п.) -3', NULL, 839),
(1537, 'Муфта соединительная СТпКЭ (10*6)', NULL, 839),
(1538, 'Муфта соединительная СТпКЭ (4*4)', NULL, 839),
(1539, 'Муфта соединительная СТпКЭ (4*6)', NULL, 839),
(1540, 'Муфта соединительная СТпКЭ (7*2,5)', NULL, 839),
(1541, 'Муфта соединительная СТпКЭ (7*6)', NULL, 839),
(1542, 'Муфта соединительная 10 СТпО (о.п.) -1', NULL, 839),
(1543, 'Муфта соединительная 10 СТпО (о.п.) -1М', NULL, 839),
(1544, 'Муфта соединительная 10 СТпО (о.п.) -2', NULL, 839),
(1545, 'Муфта соединительная 10 СТпО (о.п.) -3', NULL, 839),
(1546, 'Муфта соединительная 10 СТпО (о.п.) -4', NULL, 839),
(1547, 'Муфта соединительная 10 СТпО (о.п.) -5', NULL, 839),
(1548, 'Муфта соединительная 10 СТпО-1М', NULL, 839),
(1549, 'Муфта соединительная 10 СТпО-4', NULL, 839),
(1550, 'Муфта соединительная 10 СТпО-5', NULL, 839),
(1551, 'Муфта соединительная 1 СТпО (о.п.)- 1', NULL, 839),
(1552, 'Муфта соединительная 1 СТпО (о.п.)- 1М', NULL, 839),
(1553, 'Муфта соединительная 1 СТпО (о.п.)- 2', NULL, 839),
(1554, 'Муфта соединительная 1 СТпО (о.п.)- 3', NULL, 839),
(1555, 'Муфта соединительная 1 СТпО (о.п.)- 4', NULL, 839),
(1556, 'Муфта соединительная 1 СТпО (о.п.)- 5', NULL, 839),
(1557, 'Муфта соединительная 1 СТпО-1', NULL, 839),
(1558, 'Муфта соединительная 1 СТпО-1М', NULL, 839),
(1559, 'Муфта соединительная 1 СТпО-2', NULL, 839),
(1560, 'Муфта соединительная 1 СТпО-3', NULL, 839),
(1561, 'Муфта соединительная 1 СТпО-5 (пт)', NULL, 839),
(1562, 'Муфта соединительная 35 СТпО-3', NULL, 839),
(1563, 'Муфта соединительная 35 СТпО-4', NULL, 839),
(1564, 'Муфта соединительная 35 СТпО-5', NULL, 839),
(1565, 'Муфта соединительная 35 СТпОП-1', NULL, 839),
(1566, 'Муфта соединительная 35 СТпОП-120/240', NULL, 839),
(1567, 'Муфта соединительная 35 СТпОП-1М', NULL, 839),
(1568, 'Муфта соединительная 35 СТпОП-2', NULL, 839),
(1569, 'Муфта соединительная 35 СТпОП-3', NULL, 839),
(1570, 'Муфта соединительная 35 СТпОП-4', NULL, 839),
(1571, 'Муфта соединительная 35 СТпОП-5', NULL, 839),
(1572, 'Наконечник 3НБ-4х', NULL, 796),
(1573, 'Наконечник 3НБ-6х', NULL, 796),
(1574, 'Наконечник 3НБ-7х', NULL, 796),
(1575, 'Наконечник НС-500-00', NULL, 796),
(1576, 'Наконечник НС-500-03', NULL, 796),
(1577, 'Муфта концевая 1П5КВТпБнгLS-1', NULL, 839),
(1578, 'Муфта концевая 1П5КВТпБнгLS-1М', NULL, 839),
(1579, 'Муфта концевая 1П5КВТпБнгLS-2', NULL, 839),
(1580, 'Муфта концевая 1П5КВТпБнгLS-3', NULL, 839),
(1581, 'Муфта концевая 1П5КВТпНнгLS-2', NULL, 839),
(1582, 'Муфта концевая 1П5КВТпНнгLS-3', NULL, 839),
(1583, 'Муфта концевая 1ПКВТпБнгLS-6', NULL, 839),
(1584, 'Муфта соеденительная СТп-2НГС', NULL, 839),
(1585, 'Муфта соеденительная СТп-3НГС', NULL, 839),
(1586, 'Муфта соеденительная СТп-4НГС', NULL, 839),
(1587, 'Муфта соеденительная СТп-5НГС', NULL, 839),
(1588, 'Муфта соеденительная СТп-6НГС', NULL, 839),
(1589, 'Муфта соеденительная СТп-7НГС', NULL, 839),
(1590, 'Муфта соеденительная СТп-8НГС', NULL, 839),
(1591, 'Муфта соеденительная СТп-9НГС', NULL, 839),
(1592, 'Перчатка 2-1-1', NULL, 796),
(1593, 'Перчатка 2-2-1', NULL, 796),
(1594, 'Перчатка 2-3-1', NULL, 796),
(1595, 'Перчатка 3-0-1', NULL, 796),
(1596, 'Перчатка 3-4-10', NULL, 796),
(1597, 'Перчатка 4-0-1', NULL, 796),
(1598, 'Перчатка 4-0,5-1', NULL, 796),
(1599, 'Перчатка 4-0м-1', NULL, 796),
(1600, 'Перчатка 5-1М-1', NULL, 796),
(1601, 'Соединитель болтовой 2СБ-1Х', NULL, 796),
(1602, 'Соединитель болтовой 2СБ-2Х', NULL, 796),
(1603, 'Соединитель болтовой 2СБ-4Х', NULL, 796),
(1604, 'Соединитель болтовой СБх-ОМ', NULL, 796),
(1605, 'Лента ТАЗЛ-100', NULL, 18),
(1606, 'Лента ТАЗЛ-150', NULL, 18),
(1607, '3ТГ-125', NULL, 796),
(1608, '3ТГ-140', NULL, 796),
(1609, '3ТГ-180', NULL, 796),
(1610, 'ТЗИ-0', NULL, 796),
(1611, 'ТТЗ 1-2', NULL, 796),
(1612, 'ТТЗ-1', NULL, 796),
(1613, 'ТТЗ-4', NULL, 796),
(1614, 'Трубка ТУТ 10/5 желтая', NULL, 18),
(1615, 'Трубка ТУТ 10/5 зеленая', NULL, 18),
(1616, 'Трубка ТУТ 10/5 красная', NULL, 18),
(1617, 'Трубка ТУТ 10/5 цветная', NULL, 18),
(1618, 'Трубка ТУТ 100/50 желтая', NULL, 18),
(1619, 'Трубка ТУТ 100/50 зеленая', NULL, 18),
(1620, 'Трубка ТУТ 100/50 красная', NULL, 18),
(1621, 'Трубка ТУТ 100/50 цветная', NULL, 18),
(1622, 'Трубка ТУТ 110/55 желтая', NULL, 18),
(1623, 'Трубка ТУТ 110/55 зеленая', NULL, 18),
(1624, 'Трубка ТУТ 110/55 красная', NULL, 18),
(1625, 'Трубка ТУТ 110/55 цветная', NULL, 18),
(1626, 'Трубка ТУТ 12/6 желтая', NULL, 18),
(1627, 'Трубка ТУТ 12/6 зеленая', NULL, 18),
(1628, 'Трубка ТУТ 12/6 красная', NULL, 18),
(1629, 'Трубка ТУТ 12/6 цветная', NULL, 18),
(1630, 'Трубка ТУТ 120/30', NULL, 18),
(1631, 'Трубка ТУТ 140/40', NULL, 18),
(1632, 'Трубка ТУТ 15/6 зеленая', NULL, 18),
(1633, 'Трубка ТУТ 15/6 цветная', NULL, 18),
(1634, 'Трубка ТУТ 2/1 желтая', NULL, 18),
(1635, 'Трубка ТУТ 2/1 зеленая', NULL, 18),
(1636, 'Трубка ТУТ 2/1 красная', NULL, 18),
(1637, 'Трубка ТУТ 2/1 цветная', NULL, 18),
(1638, 'Трубка ТУТ 20/8 желтая', NULL, 18),
(1639, 'Трубка ТУТ 20/8 зеленая', NULL, 18),
(1640, 'Трубка ТУТ 20/8 красная', NULL, 18),
(1641, 'Трубка ТУТ 20/8 т. зеленая', NULL, 18),
(1642, 'Трубка ТУТ 20/8 т. цветная', NULL, 18),
(1643, 'Трубка ТУТ 20/8 цветная', NULL, 18),
(1644, 'Трубка ТУТ 28/11 зеленая', NULL, 18),
(1645, 'Трубка ТУТ 28/11 т.', NULL, 18),
(1646, 'Трубка ТУТ 28/11 т. желтая', NULL, 18),
(1647, 'Трубка ТУТ 28/11 т. зеленая', NULL, 18),
(1648, 'Трубка ТУТ 28/11 т. красная', NULL, 18),
(1649, 'Трубка ТУТ 28/11 цветная', NULL, 18),
(1650, 'Трубка ТУТ 28/11т. цветная', NULL, 18),
(1651, 'Трубка ТУТ 3/1,5 зеленая', NULL, 18),
(1652, 'Трубка ТУТ 33/14 т.', NULL, 18),
(1653, 'Трубка ТУТ 33/14 т. желтая', NULL, 18),
(1654, 'Трубка ТУТ 33/14 т. зеленая', NULL, 18),
(1655, 'Трубка ТУТ 33/14 т. красная', NULL, 18),
(1656, 'Трубка ТУТ 33/14 т. цветная', NULL, 18),
(1657, 'Трубка ТУТ 33/14 цветная', NULL, 18),
(1658, 'Трубка ТУТ 4/2 желтая', NULL, 18),
(1659, 'Трубка ТУТ 4/2 зеленая', NULL, 18),
(1660, 'Трубка ТУТ 4/2 красная', NULL, 18),
(1661, 'Трубка ТУТ 4/2 цветная', NULL, 18),
(1662, 'Трубка ТУТ 40/17', NULL, 18),
(1663, 'Трубка ТУТ 40/20 зеленая', NULL, 18),
(1664, 'Трубка ТУТ 40/20 красная', NULL, 18),
(1665, 'Трубка ТУТ 40/20 цветная', NULL, 18),
(1666, 'Трубка ТУТ 45/18 желтая', NULL, 18),
(1667, 'Трубка ТУТ 45/18 зеленая', NULL, 18),
(1668, 'Трубка ТУТ 45/18 красная', NULL, 18),
(1669, 'Трубка ТУТ 45/18 цветная', NULL, 18),
(1670, 'Трубка ТУТ 5/2 желтая', NULL, 18),
(1671, 'Трубка ТУТ 5/2 зеленая', NULL, 18),
(1672, 'Трубка ТУТ 5/2 красная', NULL, 18),
(1673, 'Трубка ТУТ 5/2 цветная', NULL, 18),
(1674, 'Трубка ТУТ 50/20 зеленая', NULL, 18),
(1675, 'Трубка ТУТ 50/20 цветная', NULL, 18),
(1676, 'Трубка ТУТ 50/25', NULL, 18),
(1677, 'Трубка ТУТ 50/25 желтая', NULL, 18),
(1678, 'Трубка ТУТ 50/25 зеленая', NULL, 18),
(1679, 'Трубка ТУТ 50/25 красная', NULL, 18),
(1680, 'Трубка ТУТ 50/25 цветная', NULL, 18),
(1681, 'Трубка ТУТ 6/3 желтая', NULL, 18),
(1682, 'Трубка ТУТ 6/3 зеленая', NULL, 18),
(1683, 'Трубка ТУТ 6/3 красная', NULL, 18),
(1684, 'Трубка ТУТ 6/3 цветная', NULL, 18),
(1685, 'Трубка ТУТ 60/30 желтая', NULL, 18),
(1686, 'Трубка ТУТ 60/30 зеленая', NULL, 18),
(1687, 'Трубка ТУТ 60/30 красная', NULL, 18),
(1688, 'Трубка ТУТ 60/30 цветная', NULL, 18),
(1689, 'Трубка ТУТ 70/16', NULL, 18),
(1690, 'Трубка ТУТ 70/35', NULL, 18),
(1691, 'Трубка ТУТ 70/35 желтая', NULL, 18),
(1692, 'Трубка ТУТ 70/35 зеленая', NULL, 18),
(1693, 'Трубка ТУТ 70/35 красная', NULL, 18),
(1694, 'Трубка ТУТ 70/35 цветная', NULL, 18),
(1695, 'Трубка ТУТ 8/4 цветная', NULL, 18),
(1696, 'Трубка ТУТ 80/40 желтая', NULL, 18),
(1697, 'Трубка ТУТ 80/40 зеленая', NULL, 18),
(1698, 'Трубка ТУТ 80/40 красная', NULL, 18),
(1699, 'Трубка ТУТ 80/40 цветная', NULL, 18),
(1700, 'Трубка ТУТ 90/24', NULL, 18),
(1701, 'Шланг 100/30х1300', NULL, 796),
(1702, 'Шланг 100/30х450', NULL, 796),
(1703, 'Шланг 100/30х500', NULL, 796),
(1704, 'Шланг 100/30х550', NULL, 796),
(1705, 'Шланг 100/30х600', NULL, 796),
(1706, 'Шланг 100/30х650', NULL, 796),
(1707, 'Шланг 100/30х700', NULL, 796),
(1708, 'Шланг 100/30х750', NULL, 796),
(1709, 'Шланг 100/30х800', NULL, 796),
(1710, 'Шланг 120/30х1200', NULL, 796),
(1711, 'Шланг 120/30х450', NULL, 796),
(1712, 'Шланг 120/30х500', NULL, 796),
(1713, 'Шланг 120/30х550', NULL, 796),
(1714, 'Шланг 120/30х600', NULL, 796),
(1715, 'Шланг 120/30х650', NULL, 796),
(1716, 'Шланг 120/30х700', NULL, 796),
(1717, 'Шланг 120/30х750', NULL, 796),
(1718, 'Шланг 120/30х800', NULL, 796),
(1719, 'Шланг 120/30х900', NULL, 796),
(1720, 'Шланг 120/40х1000 нгLS', NULL, 796),
(1721, 'Шланг 120/40х500', NULL, 796),
(1722, 'Шланг 120/40х550', NULL, 796),
(1723, 'Шланг 120/40х600', NULL, 796),
(1724, 'Шланг 120/40х650', NULL, 796),
(1725, 'Шланг 120/40х700', NULL, 796),
(1726, 'Шланг 120/40х750', NULL, 796),
(1727, 'Шланг 120/40х800', NULL, 796),
(1728, 'Шланг 140/40х1300', NULL, 796),
(1729, 'Шланг 140/40х250', NULL, 796),
(1730, 'Шланг 140/40х450', NULL, 796),
(1731, 'Шланг 140/40х500', NULL, 796),
(1732, 'Шланг 140/40х550', NULL, 796),
(1733, 'Шланг 140/40х600', NULL, 796),
(1734, 'Шланг 140/40х650', NULL, 796),
(1735, 'Шланг 140/40х700', NULL, 796),
(1736, 'Шланг 140/40х750', NULL, 796),
(1737, 'Шланг 140/40х800', NULL, 796),
(1738, 'Шланг 70/16х1000', NULL, 796),
(1739, 'Шланг 70/16х1100', NULL, 796),
(1740, 'Шланг 70/16х450', NULL, 796),
(1741, 'Шланг 70/16х500', NULL, 796),
(1742, 'Шланг 70/16х550', NULL, 796),
(1743, 'Шланг 70/16х650', NULL, 796),
(1744, 'Шланг 70/16х700', NULL, 796),
(1745, 'Шланг 70/16х750', NULL, 796),
(1746, 'Шланг 70/16х800', NULL, 796),
(1747, 'Шланг 70/16х850', NULL, 796),
(1748, 'Шланг 70/16х900', NULL, 796),
(1749, 'Шланг 70/16х950', NULL, 796),
(1750, 'Шланг 85/30х1500', NULL, 796),
(1751, 'Шланг 90/24х1000', NULL, 796),
(1752, 'Шланг 90/24х1200', NULL, 796),
(1753, 'Шланг 90/24х500', NULL, 796),
(1754, 'Шланг 90/24х550', NULL, 796),
(1755, 'Шланг 90/24х600', NULL, 796),
(1756, 'Шланг 90/24х650', NULL, 796),
(1757, 'Шланг 90/24х700', NULL, 796),
(1758, 'Шланг 90/24х750', NULL, 796),
(1759, 'Шланг 90/24х800', NULL, 796),
(1760, 'Шланг 90/24х850', NULL, 796),
(1761, 'Шланг 90/24х900', NULL, 796),
(1762, 'Шланг 90/24х950', NULL, 796),
(1763, 'Шланг 90/30х1000 нгLS', NULL, 796),
(1764, 'Шланг 90/30х1300', NULL, 796),
(1765, 'Шланг 90/30х450', NULL, 796),
(1766, 'Шланг 90/30х500', NULL, 796),
(1767, 'Шланг 90/30х550', NULL, 796),
(1768, 'Шланг 90/30х600', NULL, 796),
(1769, 'Шланг 90/30х650', NULL, 796),
(1770, 'Шланг 90/30х700', NULL, 796),
(1771, 'Шланг 90/30х750', NULL, 796),
(1772, 'Шланг 90/30х800', NULL, 796),
(1773, 'Шланг двухслойный 100/30х500', NULL, 796),
(1774, 'Шланг двухслойный 100/30х550', NULL, 796),
(1775, 'Шланг двухслойный 100/30х600', NULL, 796),
(1776, 'Шланг двухслойный 100/30х950', NULL, 796),
(1777, 'Шланг двухслойный 120/40х600', NULL, 796),
(1778, 'Шланг двухслойный 120/40х950', NULL, 796),
(1779, 'Газовый баллон 12 л.', NULL, 796),
(1780, 'Лезвие для ножа \"Рокан\"', NULL, 796),
(1781, 'Лезвие для ножа ИПС-2', NULL, 796),
(1782, 'Нож для снятия полупроводящего слоя ИПС-3 (50-630)', NULL, 796),
(1783, 'ПРОКТОТАЗ', NULL, 796),
(1784, 'УПТК-1 (135-35)', NULL, 839),
(1785, 'Манжета  изолир. 100/50-450', 27, 796),
(1786, 'Шланг 120/30х900', 33, 796),
(1787, 'Монтаж кабельных муфт', 54, 796),
(1788, 'Муфта соединительная 20 ПСТпЛ-8', 70, 839),
(1789, 'Муфта соединительная 1 СТпО(трспб)-5/625', 46, 796),
(1790, 'Перчатка 3-1-1', 33, 796),
(1791, 'Трубка регулятор 60/28х200', 33, 796),
(1792, 'Сетка для баллонов', 40, 796),
(1793, 'Редуктор к г.г.', 137, 796),
(1794, 'Смазка эПс', 138, 166),
(1795, 'Муфта концевая 1ПКНТпБН-4х400', 6, 839),
(1796, 'Трекингостойкая трубка 60/21-500', 33, 796),
(1797, 'Муфта ответвительная 1П5ОТпБ - 0М/10', 73, 839),
(1798, 'Муфта соединительная 35ПСТпКП-(3*300-400)', 70, 839),
(1799, 'Муфта ответвительная 1П4ОТп-4/4', 47, 839),
(1800, 'Муфта соединительная 1П5СТпБ-2', 8, 839),
(1801, 'Муфта концевая 1Р5КНТпНр.ж-1М', 113, 839),
(1802, 'Муфта концевая 1Р4КВТпНр.ж-3', 83, 839),
(1803, 'Муфта концевая 10Р5КВТпНр.ж-1', 38, 839),
(1804, 'Муфта концевая 1ПКВТпН-4 р.ж.', 28, 839),
(1805, 'Муфта концевая 1ПКВТпБН-6 р.ж.', 23, 839),
(1806, 'Муфта концевая 1ПКВТпБН-5 р.ж.', 23, 839),
(1807, 'Муфта концевая 1ПКВТпБН-4 р.ж.', 23, 839),
(1808, 'Муфта концевая 1ПКВТпБН-4М р.ж.', 23, 839),
(1809, 'Муфта соединительная 1ПСТп-5 р.ж.', 42, 839),
(1810, 'Муфта соединительная 1ПСТп-4М р.ж.', 42, 839),
(1811, 'Муфта соединительная 35ПСТпОт-2', 16, 839),
(1812, 'Манжета ремонтная 34/10-1000', 27, 796),
(1813, 'Манжета ремонтная 53/13-1000', 27, 796),
(1814, 'Манжета ремонтная 84/20-1000', 27, 796),
(1815, 'Манжета ремонтная 107/29-1000', 27, 796),
(1816, 'Манжета ремонтная 198/55-1000', 27, 796),
(1817, 'Перчатка 2-2-1', 33, 796),
(1818, 'Пружина большая 35', 33, 796),
(1819, 'Муфта соединительная 1ПСТпБОтр-5', 9, 839),
(1820, 'Муфта концевая 1ПКНТпОНтр-5', 24, 839),
(1821, 'Муфта концевая 1ПКВТпБОН-5', 23, 796),
(1822, 'Муфта соединительная 1ПСТпБО-5', 9, 839),
(1823, 'Соединитель болтовой СБх-3/1', 3, 796),
(1824, 'Муфта концевая 1ПКВТпБН(н.з.)-4', 23, 839),
(1825, 'Муфта концевая 1ПКВТпБН(н.з.)-5', 23, 839),
(1826, 'Муфта концевая 1ПКВТпБН(н.з.)-6', 23, 839),
(1827, 'Муфта концевая 1П5КВТпБН(н.з.)-2', 4, 839),
(1828, 'Муфта концевая 1П5КНТпБН(н.з.)-2', 5, 839),
(1829, 'Муфта концевая 1ПКНТпБН(н.з.)-4', 6, 839),
(1830, 'Муфта концевая 1ПКНТпБН(н.з.)-5', 6, 839),
(1831, 'Муфта концевая 1ПКНТпБН(н.з.)-6', 6, 839),
(1832, '3-х жильные соединительные муфты 10кВ 3СТп-10-70-1', 139, 839),
(1833, '3-х жильные соединительные муфты 10кВ 3СТп-10-150-', 139, 839),
(1834, 'Перчатка 2-1-1', 33, 796),
(1835, 'Шланг двухслойный 120/30х500', 75, 796),
(1836, 'Муфта концевая 1Р4КВТпНр.ж-2', 83, 839),
(1837, 'Муфта концевая 1ПКВТпБОН-1', 23, 839),
(1838, 'Муфта соединительная 10 ПСТпкп-9', 43, 839),
(1839, 'Муфта соединительная 10ПСТпО-1/300', 14, 839),
(1840, 'Информационные услуги, Этап1', 54, 796),
(1841, 'Муфта ответвительная 35 ОТпП-9', 119, 839),
(1842, 'Муфта концевая 35ПКНТпОЛН-2', 37, 839),
(1843, 'Муфта концевая 1ПКВТпОНнг-5', 55, 839),
(1844, 'Муфта концевая 10ПКВТпН-9 нз.', 52, 839),
(1845, 'Муфта соединительная 10 ПСТп-9 нз.', 43, 839),
(1846, 'Изолятор 65/18', 33, 796),
(1847, 'Клей расплав', 33, 166),
(1848, 'Муфта соединительная 10ПСТпОпк-1М', 14, 839),
(1849, 'Муфта концевая 10ПКВТпОНпк-1М', 32, 839),
(1850, 'Информационные услуги, Этап3', 54, 796),
(1851, 'Муфта соединительная 10 ПСТп (3х500)', 43, 839),
(1852, 'Муфта концевая 10ПКВТпН (3х500)', 52, 839),
(1853, 'Манжета \"8\"', 33, 796),
(1854, 'Манжета \"9\"', 33, 796),
(1855, 'Муфта концевая 20ПКНТпН-(3-300)', 103, 839),
(1856, 'Муфта соединительная 20ПСТп-(3-300)', 127, 839),
(1857, 'Муфта концевая 1ПКНТпНсип-4', 36, 839),
(1858, 'Информационные услуги, Этап4', 54, 796),
(1859, 'Манжета ремонтная 135/34-1000', 27, 839),
(1860, 'Муфта соединительная 10СТпУ-7', 72, 839),
(1861, 'Информационные услуги, Этап5', 54, 796),
(1862, 'Таможенные расходы', 54, 796),
(1863, 'Перчатка 2-0м-1', 34, 796),
(1864, 'Информационные услуги, Этап 6', 54, 796),
(1865, 'Муфта концевая 1ПКНТпНсип-5', 36, 839),
(1866, 'Информационные услуги, Этап 7', 54, 796),
(1867, 'Муфта соединительная 1 ПСТпОнгLS-2', 64, 839),
(1868, 'Перчатка 4-0м-1', 33, 796),
(1869, 'Информационные услуги, Этап 8', 54, 796),
(1870, 'Муфта концевая 1ПКНТпБсип-5', 6, 839),
(1871, 'Манжета ремонтная 107/29-1500', 27, 796),
(1872, 'Манжета ремонтная армированная 198/55-1500', 27, 839),
(1873, 'Манжета ремонтная 32/10-1000', 27, 796),
(1874, 'Манжета ремонтная 50/15-1000', 27, 796),
(1875, 'Манжета ремонтная 93/36-1000', 27, 796),
(1876, 'Манжета ремонтная 107/29-1500', 27, 796),
(1877, 'Информационные услуги, Этап 9', 54, 796),
(1878, 'Муфта соединительная 10 ПСТпПО-(3*300)', 69, 839),
(1879, 'Информационные услуги, Этап 10', 54, 796),
(1880, 'Муфта концевая 1ПКВТпОНтр-2', 55, 839),
(1881, 'Муфта концевая 10ПКНТпН (3х300)', 56, 839),
(1882, 'Шланг 120/30х300', 75, 839),
(1883, 'Муфта соединительная 10ПСТпО-4/240', 14, 839),
(1884, 'Муфта соединительная 35 ПСТпЛ-9', 70, 839),
(1885, 'Муфта концевая 1ПКВТп(2х10)', 28, 839),
(1886, 'Муфта концевая 1ПКВТп(2х4)', 28, 839),
(1887, 'Транспортные расходы', 54, 796),
(1888, 'Манжета ремонтная 55/12-1500', 27, 796),
(1889, 'Манжета ремонтная 75/15-1500', 27, 796),
(1890, 'Шланг 120/30х200', 75, 796),
(1891, 'Муфта соединительная 1 СТпО(тр)-5', 140, 839),
(1892, 'Муфта концевая 1КВТпОН(пт)-5', 141, 839),
(1893, 'Муфта ответвительная 1П2ОТпБ-1/35', 122, 839),
(1894, 'Соединитель болтовой СБ-3 удл.', 142, 796),
(1895, 'Соединитель болтовой СБ-2 удл.', 142, 796),
(1896, 'Муфта концевая 1РКВТпОН-2', 116, 839),
(1897, 'Манжета поясная 60х300', 33, 796),
(1898, 'Манжета ремонтная 75/22-1000', 27, 796),
(1899, 'Перчатка 2-0-1', 34, 796),
(1900, 'Наконечник под пресс 400мм.Cu ( по чертежу)', 2, 812),
(1901, 'Наконечник под пресс 500мм.Cu ( по чертежу)', 2, 796),
(1902, 'Наконечник под пресс 625мм.Cu ( по чертежу)', 2, 796),
(1903, 'Муфта концевая 10РКВТпОН-1', 116, 839),
(1904, 'Муфта концевая 1П5КВТпНнг-2', 4, 839),
(1905, 'Муфта концевая 1П5КВТпНнг-3', 4, 839),
(1906, 'Трубка регулятор 60/28х150', 33, 796),
(1907, 'Муфта ответвительная 10ПОТпО-240/240/240', 121, 839),
(1908, 'Лезвие для ножа ИПС-3', 40, 796),
(1909, 'Муфта концевая 10ПКВТпОН-1', 32, 839),
(1910, 'Муфта концевая 35ПКНТпОН-1000', 37, 839),
(1911, 'Муфта концевая 10ПCТпНгLS-8', 135, 839),
(1912, 'Муфта концевая 10ПCТпНгLS-9', 135, 839),
(1913, 'Муфта концевая 10ПКВТпНнгLS-8 (70-120)', 135, 839),
(1914, 'Муфта концевая 10ПКВТпНнгLS-9 (150-240)', 135, 839),
(1915, 'Трубка-регулятор 30/12-150', 20, 796),
(1916, 'Муфта соединительная 1 ПСТпО(1*6)', 64, 839),
(1917, 'Муфта концевая 1П5КВТпН-1М', 143, 839),
(1918, 'Муфта концевая 1П5КВТпН-1', 143, 839),
(1919, 'Муфта соединительная 10 ПСТпкп-8', 43, 839),
(1920, 'Муфта ответвительная 1П4ОТп-10/10', 47, 839),
(1921, 'Муфта ответвительная 10ПОТп-150/150/150', 121, 839),
(1922, 'Муфта ответвительная 10ПОТп-150/150/150', 121, 839),
(1923, 'Муфта ответвительная 10ПОТп-150/150/150', 121, 839),
(1924, 'Муфта ответвительная 10ПОТп-150/150/150', 121, 839),
(1925, 'Муфта ответвительная 10ПОТп-150/150/150', 121, 839),
(1926, 'Пластина регулятор 140х140', 33, 796),
(1927, 'Шланг 90/24х250', 75, 796),
(1928, 'Муфта ответвительная 1П5ОТп - 3/70/10', 124, 839),
(1929, 'Муфта ответвительная 1П5ОТп - 2/70/10', 124, 839),
(1930, 'Муфта ответвительная 1П5ОТп - 2/50/10', 124, 839),
(1931, 'Муфта ответвительная 1П5ОТп - 1/35/10', 124, 839),
(1932, 'Муфта ответвительная 1П5ОТп - 1/25/10', 124, 839),
(1933, 'Муфта ответвительная 1П5ОТп - 10/10/6', 124, 839),
(1934, 'Муфта ответвительная 10ПОТпО-630/400/400', 121, 839),
(1935, 'Муфта ответвительная 10ПОТпО-630/400/400', 121, 839),
(1936, 'Муфта концевая 1ПКВТпН4х(300х400)', 28, 839),
(1937, 'Муфта концевая 1ПКВТпБН-4(300*400)', 23, 839),
(1938, 'Муфта концевая 1ПКНТпНсип-6', 36, 839),
(1939, 'Муфта концевая 1ПКНТпНсип-6р.ж', 36, 839),
(1940, 'Муфта концевая 1ПКВТпНнг-5', 28, 839),
(1941, 'Муфта концевая 6ВКВТпНгLS-3', 80, 839),
(1942, 'Муфта концевая 6ВКВТпНгLS-2', 80, 839),
(1943, 'Манжета конц. 45х120 желтая', 33, 796),
(1944, 'Муфта концевая 10Р4КВТпНр.ж.-1', 35, 839),
(1945, 'Муфта концевая 10Р4КНТпНр.ж.-1', 51, 839),
(1946, 'Муфта концевая 10ПКНТпНнгLS-8', 56, 839),
(1947, 'Муфта соединительная 10 ПСТпнгLS-8', 43, 839),
(1948, 'Муфта концевая 1ПКНТпЭН-5', 36, 839),
(1949, 'Муфта концевая 1ПКНТпЭН-6', 36, 839),
(1950, 'Шланг 120/30х650', 33, 796),
(1951, 'Муфта концевая 1ПКВТпБН-6 (с 2НБ-3х)', 23, 839),
(1952, '4ПКВНтпБ-10/25-бн', 6, 839),
(1953, 'ПКВНтмОнг-3-400(без након)', 55, 839),
(1954, 'ПКВНтмОнг-3-625-б/н-М', 55, 839),
(1955, 'ПСтмОнг-3-240', 64, 839),
(1956, 'Муфта соединительная 1ПСТпБ-6 р.ж. н.з.', 9, 839),
(1957, 'Муфта соединительная 1ПСТпБ-6 н.з.', 9, 839),
(1958, 'Муфта соединительная 1ПСТпБ-5 н.з.', 9, 839),
(1959, 'Муфта соединительная 1ПСТпБ-5 р.ж. н.з.', 9, 839),
(1960, 'Муфта концевая 1П5КВТпНнг-1', 4, 839),
(1961, 'Шланг 100/30х900', 33, 796),
(1962, 'Наконечник НБх(BLMC-240/400-16-800F)', 2, 796),
(1963, 'Шланг 90/24х700', 33, 796),
(1964, 'кабель ПВпУ2г-1*630 35кВ  5 м', 40, 796),
(1965, 'Муфта ответвительная 10 ОТпО-400/400/240', 119, 839),
(1966, 'Муфта соединительная 10ПСТпО-2/120', 14, 839),
(1967, 'Муфта концевая 35ПКВТпЛН-9', 50, 839),
(1968, 'Муфта концевая 35ПКНТпЛН-9', 53, 839),
(1969, 'Муфта соединительная 35ПСТпОЛ-2', 16, 839),
(1970, 'Муфта соединительная 35 ПСТпЛ-9', 86, 839),
(1971, 'Муфта концевая 1Р4КВТпНкп-2', 83, 839),
(1972, 'Муфта концевая 1Р4КВТпНкп-1', 83, 839),
(1973, 'Муфта концевая 1Р4КВТпНкп-3', 83, 839),
(1974, 'Муфта соединительная 1Р4СТпкп-3', 48, 839),
(1975, 'Муфта соединительная 1Р4СТпкп-2', 48, 839),
(1976, 'Муфта концевая 10РКВТпН-3/500', 115, 839),
(1977, 'Муфта соединительная 10ПСТпОЛ-2', 14, 839),
(1978, 'Муфта концевая 1ПКВТпБ(2х4) без наконечников', 23, 839),
(1979, 'Муфта ответвительная 10 ОТп-185/185/185', 119, 839),
(1980, 'Муфта соединительная 10ПСТпОт-4', 14, 839),
(1981, 'Муфта концевая 1ПКВТпНсип-4', 28, 839),
(1982, 'Трекингостойкая трубка двухслойная 50/16-500', 33, 796),
(1983, 'УПТК-0 М(75/20)', 40, 839),
(1984, 'Муфта концевая 10ПКВТпНнгLS-9', 52, 839),
(1985, 'Муфта соединительная 10 ПСТпнгLS-9', 43, 839),
(1986, 'Муфта соединительная 1 СТпОтр-1х800', 46, 839),
(1987, 'Муфта концевая 1КНТпОНтр-1х800', 97, 839),
(1988, 'Муфта концевая 1ПКВТпНсип-4М', 28, 839),
(1989, 'Муфта ответвительная 1П4ОТпБ-5/35/35', 65, 839),
(1990, 'Муфта концевая 1КНТпОН-4', 97, 839),
(1991, 'Муфта ответвительная 1П5ОТп - 0М/10', 124, 839),
(1992, 'Муфта ответвительная 1П5ОТп - 0М/10', 124, 839),
(1993, 'Шланг 33/14х550', 33, 796),
(1994, 'провод заземления', 39, 6),
(1995, 'Муфта ответвительная 10ПОТп-70/70', 121, 839),
(1996, 'Муфта соединительная 1 СТпО-800', 46, 839),
(1997, 'Муфта концевая 1КВТпОН-800', 45, 839),
(1998, 'Муфта концевая 1РКВТпОН-3', 116, 839),
(1999, 'Муфта концевая 1П5КВТпБНнгLS-3', 4, 839),
(2000, 'Муфта ответвительная 1П3ОТп-1М/35', 41, 839),
(2001, 'Наконечник ТА-150', 2, 796),
(2002, 'Муфта концевая 1ПКВТпБНнгLS-6', 135, 839),
(2003, 'Манжета конц. 45х120 красная', 33, 796),
(2004, 'Муфта концевая 10ПКВТпНнгLS-8', 52, 839),
(2005, 'Нож для снятия полупроводящего слоя ИПС-3м(50-630)', 40, 839),
(2006, 'Муфта концевая 1ПКВТпНсип-35/4', 28, 839),
(2007, 'Муфта концевая 1ПКВТпНсип-1', 28, 839),
(2008, 'Муфта соединительная 10ПСТпОт-3', 14, 839),
(2009, 'Наконечник НПЛ 1*400 крепление 4 ОТТО', 2, 796),
(2010, 'Муфта концевая 10КНТпН-3х300', 18, 839),
(2011, 'Муфта соединительная 20 ПСТпЛ-9', 70, 839),
(2012, 'Муфта ответвительная 1П4ОТпБ-4/4/2.5', 65, 839),
(2013, 'коробка транспозиции экранов КТ-Т/ЗЭУ/ОПН', 40, 796),
(2014, 'Муфта ответвительная 1П5ОТп - 0М/6', 124, 839),
(2015, 'Шланг 120/30х600', 33, 796),
(2016, 'Муфта ответвительная 1 ОТп-4Х240/240/240', 119, 839),
(2017, 'Муфта соединительная 10 ПСТпПО-95/240', 69, 839),
(2018, 'Муфта концевая 1П5КНТпБнгLS - 1', 144, 839),
(2019, 'Муфта концевая 1ПКНТпБнгLS - 6', 145, 839),
(2020, 'Муфта соединительная 1ПСТпБ(3х300/400)', 9, 839),
(2021, 'Муфта ответвительная 10ПОТпО-400/400/400', 121, 839),
(2022, 'Муфта концевая 1ПКВТпНнг-6', 28, 839),
(2023, 'Муфта соединительная 1ПСТпБНГ-6', 9, 839),
(2024, 'Манжета ремонтная 43/8-1500', 27, 796),
(2025, 'Шланг 120/40х1000', 75, 796),
(2026, 'Муфта соединительная 10СТп-7c', 21, 839),
(2027, 'Муфта соединительная 10СТп-8c', 21, 839),
(2028, 'Муфта соединительная 10СТп-9c', 21, 839),
(2029, 'Муфта концевая 1П5КВТпнгLS - 1', 82, 839),
(2030, 'Шланг 90/24х350', 75, 796),
(2031, 'Шланг 120/30х200', 75, 796),
(2032, 'Манжета \"7\"', 33, 796),
(2033, 'Муфта соединительная 1ПСТп-4М НГ LS', 42, 839),
(2034, 'Муфта соединительная 1ПСТп(4*4)НГ LS (без СБ)', 42, 839),
(2035, 'Муфта соединительная 1ПСТп(4*10) НГ LS', 42, 839),
(2036, 'УПТК-0 (130/28)', 40, 839),
(2037, 'Комплект заз. КНК - 25мм*1200', 22, 839),
(2038, 'Муфта соединительная 10 ПСТпП-8/300', 69, 839),
(2039, 'Муфта соединительная 10 ПСТпПЗ-9', 69, 839),
(2040, 'Сетка экранная 100х4000', 33, 796),
(2041, 'Наконечник ТМЛ 240', 2, 796),
(2042, 'Трубка ТУТ 20/8 (1)', 25, 18),
(2043, 'Муфта концевая 1ПКВТпНнгLS-(3х4)', 28, 839),
(2044, 'Муфта концевая 1ПКВТпнгLS(4х4)', 28, 839),
(2045, 'Муфта концевая 1ПКВТпнгLS(4х10)', 28, 839),
(2046, 'Муфта концевая 1ПКВТпБНнгLS(4х10)', 23, 839),
(2047, 'Муфта концевая 1ПКВТпНнгLS-4М', 28, 839),
(2048, 'Муфта концевая 1ПКВТпНнгLS-4', 28, 839),
(2049, 'Муфта концевая 1ПКВТпНнгLS-6', 28, 839),
(2050, 'Муфта соединительная 1ПСТпБ-3/95', 9, 839),
(2051, 'Муфта концевая 1П5КВТпНнгLS-2', 4, 839),
(2052, 'Муфта концевая 1ПКВТпнгLS - 4', 146, 839),
(2053, 'Муфта концевая 1ПКВТпнгLS-5', 146, 839),
(2054, 'Муфта соединительная 1 ПСТпОнг-25мм', 64, 839),
(2055, 'Муфта концевая 1ПКВТпНнгLS-5', 28, 839),
(2056, 'Муфта концевая 1П5КВТпНнгLS-1М', 4, 839),
(2057, 'Трубка с клеем ТТ-(3:1)-18/6', 147, 18),
(2058, 'Трубка с клеем СТТ-33/8', 147, 18),
(2059, 'Трубка с клеем ТТ-(6х)-69,8/11,7', 147, 18),
(2060, 'Наконечник ТМЛ 6-(5,6)-4', 148, 796),
(2061, 'Наконечник ТМЛ 70-(10,12)-13', 148, 796),
(2062, 'Наконечник ТМЛ 50-(8,10,12)-11', 148, 796),
(2063, 'Наконечник ТМЛ 35-(8,10,12)-9', 148, 796),
(2064, 'Наконечник ТМЛ 25-(8,10)-8', 148, 796),
(2065, 'Наконечник ТМЛ 16-(6,8)-6', 148, 796),
(2066, 'Наконечник ТМЛ 10-(5,6,8)-5', 148, 796),
(2067, 'Наконечник ТМЛ 4-(5,6)-3', 148, 796),
(2068, 'Наконечник ТМЛ 2,5-(5,6)-2,6', 148, 796),
(2069, 'Муфта концевая 1П5КНТпБнгLS - 2', 144, 839),
(2070, 'Манжета ремонтная 198/55-1500', 27, 839),
(2071, 'Газовая горелка ГК-4', 137, 796),
(2072, 'Муфта концевая 10КВТпНнгLS-9', 10, 839),
(2073, 'Муфта соединительная 10СТпнгLS-9', 21, 839),
(2074, 'Муфта соединительная 10 ПСТпЗ-8', 43, 839),
(2075, 'Перчатка нгLS 4-1М-1', 33, 796),
(2076, 'Перчатка нгLS 4-1-1', 33, 796),
(2077, 'Перчатка нгLS 4-2-1', 33, 796),
(2078, 'Перчатка нгLS 4-3-1', 33, 796),
(2079, 'Перчатка нгLS 5-1М-1', 33, 796),
(2080, 'Перчатка нгLS 5-1-1', 33, 796),
(2081, 'Перчатка нгLS 5-2-1', 33, 796),
(2082, 'Перчатка нгLS 5-3-1', 33, 796),
(2083, 'Шланг нгLS 70/18х550', 33, 796),
(2084, 'Шланг нгLS 90/24х550', 33, 796),
(2085, 'Шланг нгLS 90/24х650', 33, 796),
(2086, 'Шланг нгLS 90/24х800', 33, 796),
(2087, 'Шланг нгLS 90/24х900', 33, 796),
(2088, 'Шланг нгLS 120/30х600', 33, 796),
(2089, 'Шланг нгLS 120/30х650', 33, 796),
(2090, 'Шланг нгLS 120/30х800', 33, 796),
(2091, 'Шланг нгLS 120/30х900', 33, 796),
(2092, 'Муфта концевая 35РКНТпН-8', 117, 839),
(2093, 'Муфта соединительная 35РСТп-8', 63, 839),
(2094, 'Муфта концевая 35РКВТпН-8', 115, 839),
(2095, 'Муфта ответвительная 1В3ОТп-120/120/35', 149, 839),
(2096, 'УПТК-3 (200/60)', 40, 839),
(2097, 'Муфта соединительная 10 ПСТпП-9', 69, 839),
(2098, 'Муфта концевая 10КВТпН-9 L1200', 10, 839),
(2099, 'Трубка ТУТ 35/15 (1)', 150, 18),
(2100, 'Трубка ТУТ 50/20 (2)', 150, 18),
(2101, 'Муфта ответвительная 10 ОТп-150/95/95', 119, 839),
(2102, 'Муфта концевая 1ПКНТпНсип-4/50/120', 36, 839),
(2103, 'Муфта ответвительная 1П4ОТпБ-4М/2,.5', 65, 839),
(2104, 'Муфта концевая 1КВТпОсН-630', 45, 839),
(2105, 'Муфта концевая 35ПКНТпЛН-8', 53, 839),
(2106, 'Муфта концевая 35ПКВТпЛН-8', 50, 839),
(2107, 'Муфта соединительная 1ПСТпБ-4М/2,5', 9, 839),
(2108, 'Трубка ТУТ 33/14 (2) желтая', 150, 18),
(2109, 'Трубка ТУТ 33/14 (2) зеленая', 150, 18),
(2110, 'Трубка ТУТ 33/14 (2) красная', 150, 18),
(2111, 'Трубка ТУТ 20/8 (2)', 150, 18),
(2112, 'Трубка ТУТ 33/14 (2)', 150, 18),
(2113, 'Трубка ТУТ 40/17 (1,5)', 150, 18),
(2114, 'Трубка ТУТ 12/6 (1)', 150, 18),
(2115, 'Трубка ТУТ 8/4 (0.6)', 150, 18),
(2116, 'Трубка ТУТ 6/3 (0.6)', 150, 18),
(2117, 'Муфта концевая 1РКНТпОН-2', 118, 839),
(2118, 'Муфта соединительная 1 СТпОс-5', 46, 839),
(2119, 'Муфта концевая 1КНТпОНс-5', 97, 839),
(2120, 'Муфта соединительная 10РСТпП-95/35', 63, 839),
(2121, 'Трубка ТУТ 60/30 (1,5)', 150, 18),
(2122, 'Трубка ТУТ 28/11 (2)', 150, 18),
(2123, 'Трубка ТУТ 100/50 (1,5)', 150, 18),
(2124, 'Шланг 150/40х400', 75, 796),
(2125, 'Муфта концевая 20ПКВТпОНнгLS-2', 135, 839),
(2126, 'Муфта концевая 1ПКВТпОНнгLS-ОМ', 135, 839),
(2127, 'Муфта концевая 1ПКВТпОНнгLS-1М', 135, 839),
(2128, 'Муфта концевая 1ПКВТпОНнгLS-1', 135, 839),
(2129, 'Трубка ТУТ 80/40 (1,5)', 150, 18),
(2130, 'Трубка ТУТ 45/18 (2)', 150, 18),
(2131, 'Трубка ТУТ 33/14 (1,5)', 150, 18),
(2132, 'Трубка ТУТ 10/5 (1)', 150, 18),
(2133, 'Трубка ТУТ 20/8 (1,5)', 150, 18),
(2134, 'Муфта соединительная 35 ПСТп-3х300-400', 86, 839),
(2135, 'Муфта соединительная 1ПСТпБ-5 р.ж.', 9, 839),
(2136, 'Провод ПМЛ-25', 22, 6),
(2137, 'Трубка ТУТ 28/11 (1,5)', 150, 18),
(2138, 'Трубка ТУТ 70/35 (1,5)', 150, 18),
(2139, 'Муфта соединительная 10СТпЗ-8 с 2СБ-2Х', 151, 839),
(2140, 'Муфта соединительная 10СТпЗ-9 с 2СБ-3Х', 151, 839),
(2141, 'Муфта концевая 10КНТпН-8 с 2НБ2', 152, 839),
(2142, 'Муфта концевая 10КНТпН-9 с 2НБ3', 152, 839),
(2143, 'Перчатка 2-0М-1', 33, 796),
(2144, 'Муфта концевая 1ПКВТпНнгLS-1М', 28, 839),
(2145, 'Муфта концевая 1П5КВТпНнгLS-1', 4, 839),
(2146, 'Муфта концевая 1РКВТпО-4', 116, 839),
(2147, 'Муфта соединительная 1РСТпО-4', 48, 839),
(2148, 'Муфта соединительная 1РСТпО-3', 48, 839),
(2149, 'Муфта соединительная 1РСТпО-2', 48, 839),
(2150, 'Муфта концевая 1РКВТпО-3', 116, 839),
(2151, 'Муфта концевая 1РКВТпО-2', 116, 839),
(2152, 'Муфта концевая ПКТп-185', 40, 839),
(2153, 'Трамвайный герметизатор ТГ-1', 34, 796),
(2154, 'Муфта концевая 1РКВТпО-4', 116, 839),
(2155, 'Комплект заз. КНК - 16мм*1000', 22, 839),
(2156, 'Комплект заз. КНК - 16мм*1000', 22, 839),
(2157, 'Муфта соединительная 1 ПСТпОБнг-3', 64, 839),
(2158, 'Муфта соединительная 1 ПСТпБО-4', 64, 839),
(2159, 'Трубка ТУТ 15/6 (1,5)', 150, 18),
(2160, 'Трубка ТУТ 4/2 (0.6)', 150, 18),
(2161, 'Трубка ТУТ 4/2 (0.6)', 150, 18),
(2162, 'Муфта ответвительная 1П4ОТп-35/35/35', 47, 839),
(2163, 'Муфта ответвительная 1П4ОТп-4/2,5', 47, 839),
(2164, 'Муфта ответвительная 1П4ОТп-4/25', 47, 839),
(2165, 'Муфта ответвительная 1П4ОТп-50/10', 47, 839),
(2166, 'Муфта ответвительная 1П5ОТп - 0М/4', 124, 839),
(2167, 'Муфта ответвительная 1П5ОТп - 10/10/10', 124, 839),
(2168, 'Муфта ответвительная 1П5ОТп - 10/4', 124, 839),
(2169, 'Муфта ответвительная 1П5ОТп - 10/6', 124, 839),
(2170, 'Муфта ответвительная 1П5ОТп - 16/16/16', 124, 839),
(2171, 'Муфта ответвительная 1П5ОТп - 25/25/25', 124, 839),
(2172, 'Муфта ответвительная 1П5ОТп - 50/50/50', 124, 839),
(2173, 'Муфта ответвительная 1П5ОТп -6/6/6', 124, 839),
(2174, 'Муфта ответвительная 1П5ОТп-4/4/2,5', 124, 839),
(2175, 'Муфта ответвительная 1П5ОТпКП - 1М/25', 124, 839),
(2176, 'Муфта соединительная 1 ПСТпОэ-4', 64, 839),
(2177, 'Муфта концевая 1ПКНТпОэН-4', 24, 839),
(2178, 'Муфта соединительная 1 ПСТпОэ-5', 64, 839),
(2179, 'Муфта концевая 1ПКНТпОэН-5', 24, 839),
(2180, 'Лента ПТЛ-450', 26, 166),
(2181, 'Муфта концевая 10Р6КВТпН-1М', 114, 839),
(2182, 'Муфта концевая 10Р6КНТпН-1М', 117, 839),
(2183, 'Муфта концевая 10ПКВТпОНнгLS-1', 135, 839);
INSERT INTO `product` (`ckey`, `tnam`, `cgr`, `it`) VALUES
(2184, 'Муфта концевая 10ПКВТпОНнгLS-2', 135, 839),
(2185, 'Муфта концевая 35ПКВТпОНнгLS-1', 135, 839),
(2186, 'Муфта концевая 35ПКВТпОНнгLS-2', 135, 839),
(2187, 'Муфта ответвительная 10ПОТпО-630/630/630', 121, 839),
(2188, 'Муфта ответвительная 10ПОТпО-630/630/630', 121, 839),
(2189, 'Муфта концевая 1КНТпОН-1', 97, 839),
(2190, 'Муфта ответвительная 1П2ОТп-6/6(5)', 122, 839),
(2191, 'Трубка ТУТ 20/8 (1)', 150, 18),
(2192, 'Муфта соединительная 10ПСТпО-3/120', 14, 839),
(2193, 'Трубка ТУТ 20/8 (2) желтая', 150, 18),
(2194, 'Трубка ТУТ 20/8 (2) зеленая', 150, 18),
(2195, 'Трубка ТУТ 20/8 (2) красная', 150, 18),
(2196, 'Муфта концевая 1 КВТпН-4М', 153, 839),
(2197, 'Муфта концевая 1 КВТпН-6', 153, 839),
(2198, 'Муфта концевая 1 КВТпН-4', 153, 839),
(2199, 'Муфта концевая 1 КВТпН-5', 153, 839),
(2200, 'Муфта ответвительная 10ПОТп-120/120/70', 121, 839),
(2201, 'Обучение кабельщика', 54, 792),
(2202, 'Оконцеватель ОГТ-1', 154, 796),
(2203, 'Оконцеватель ОГТ-2', 154, 796),
(2204, 'Шланг 70/18х700', 33, 796),
(2205, 'Соединитель болтовой СБр-2', 3, 796),
(2206, 'Соединитель болтовой СБр-3', 3, 796),
(2207, 'Соединитель болтовой 4СБряд-2х', 3, 839),
(2208, 'Соединитель болтовой 4СБряд-3х', 3, 839),
(2209, 'Наконечник 2НБряд-2х', 2, 839),
(2210, 'Наконечник 2НБряд-3х', 2, 839),
(2211, 'Муфта ответвительная 1ПОТп-1/35', 122, 839),
(2212, 'Муфта концевая 1ПКВТпБНГ LS-6', 23, 839),
(2213, 'Муфта концевая 1ПКВТпБНнгLS-5', 23, 839),
(2214, 'Муфта концевая 1ПКВТпБН(3х4)', 23, 839),
(2215, 'Муфта концевая 10КНТпН-8-1200', 18, 839),
(2216, 'Муфта концевая 10КНТпН-9-1200', 18, 839),
(2217, 'Муфта соединительная 1 СТпОтр-5', 46, 839),
(2218, 'Муфта концевая 1ПКВТпБОН-2', 23, 839);

-- --------------------------------------------------------

--
-- Структура таблицы `product_group`
--

CREATE TABLE `product_group` (
  `ckey` int(11) NOT NULL,
  `tnam` varchar(32) NOT NULL,
  `cgr` int(11) DEFAULT NULL,
  `lf_key` int(11) DEFAULT NULL,
  `rg_key` int(11) DEFAULT NULL,
  `level` int(11) DEFAULT NULL
) ENGINE=InnoDB DEFAULT CHARSET=utf8;

--
-- Дамп данных таблицы `product_group`
--

INSERT INTO `product_group` (`ckey`, `tnam`, `cgr`, `lf_key`, `rg_key`, `level`) VALUES
(1, 'Муфта соединительная 10СТпМ', 131, 237, 238, 3),
(2, 'Наконечники', 40, 6, 7, 2),
(3, 'Соединители', 40, 8, 9, 2),
(4, 'Муфта концевая П5КВТп', 40, 10, 11, 2),
(5, 'Муфта концевая П5КНТп', 40, 12, 13, 2),
(6, 'Муфта концевая ПКНТпБ', 40, 14, 15, 2),
(7, 'Муфта соединительная ПСТпк', 40, 16, 17, 2),
(8, 'Муфта соединительная П5СТп', 40, 18, 19, 2),
(9, 'Муфта соединительная 1ПСТпБ', 126, 205, 206, 3),
(10, 'Муфта концевая 6-10КВТп', 91, 77, 78, 3),
(11, 'Муфта концевая 1КВТп', 91, 79, 80, 3),
(12, 'Муфта концевая 35ПКВТпО', 100, 119, 120, 3),
(13, 'Муфта соединительная 1СТп', 131, 239, 240, 3),
(14, 'Муфта соединительная 10ПСТпО', 128, 221, 222, 3),
(15, 'ВОЛЫНЬОБЛЭНЕРГО', NULL, 1, 2, 1),
(16, 'Муфта соединительная 35ПСТпО', 128, 223, 224, 3),
(17, 'Муфта соединительная 35СТп', 131, 241, 242, 3),
(18, 'Муфта концевая 6-10КНТп', 95, 93, 94, 3),
(19, 'Муфта концевая 1КНТп', 95, 95, 96, 3),
(20, 'Лента-регулятор', 39, 37, 38, 3),
(21, 'Муфта соединительная 6-10СТп', 131, 243, 244, 3),
(22, 'Комплектующие', 40, 20, 21, 2),
(23, 'Муфта концевая ПКВТпБ', 40, 22, 23, 2),
(24, 'Муфта концевая 1ПКНТпО', 104, 139, 140, 3),
(25, 'Трубка', 40, 24, 25, 2),
(26, 'Термоленты', 40, 26, 27, 2),
(27, 'Манжеты', 39, 39, 40, 3),
(28, 'Муфта концевая 1ПКВТп', 98, 109, 110, 3),
(29, 'КАПЫ', 40, 28, 29, 2),
(30, 'Муфта концевая П2КВТп', 40, 30, 31, 2),
(31, 'Муфта соединительная П2СТп', 40, 32, 33, 2),
(32, 'Муфта концевая 10-12 ПКВТпО', 100, 121, 122, 3),
(33, 'ЭлМастер', NULL, 3, 4, 1),
(34, 'Перчатки', 40, 34, 35, 2),
(35, 'Муфта концевая 10Р4КВТп', 106, 149, 150, 3),
(36, 'Муфта концевая 1ПКНТп', 102, 129, 130, 3),
(37, 'Муфта концевая 35ПКНТпО', 104, 141, 142, 3),
(38, 'Муфта концевая 10Р5КВТп', 109, 161, 162, 3),
(39, 'Комплектующие для дилеров', 40, 36, 43, 2),
(40, 'Изделия 2014', NULL, 5, 266, 1),
(41, 'Муфта ответвительная 1П3ОТп', 120, 185, 186, 3),
(42, 'Муфта соединительная 1ПСТп', 126, 207, 208, 3),
(43, 'Муфта соединительная 10ПСТп', 126, 209, 210, 3),
(44, 'Муфта концевая 10ПКНТпО', 104, 143, 144, 3),
(45, '1-3КВТпО', 93, 85, 86, 3),
(46, 'Муфта соединительная 1СТпО', 134, 255, 256, 3),
(47, 'Муфта ответвительная 1П4ОТп', 120, 187, 188, 3),
(48, 'Муфта соединительная 1РСТп', 130, 231, 232, 3),
(49, 'Муфта соединительная 6-10СТпП', 131, 245, 246, 3),
(50, 'Муфта концевая ПКВТпЛ', 40, 44, 45, 2),
(51, 'Муфта концевая 10Р4КНТп', 107, 155, 156, 3),
(52, 'Муфта концевая 10ПКВТп', 98, 111, 112, 3),
(53, 'Муфта концевая ПКНТпЛ', 40, 46, 47, 2),
(54, 'Услуги', NULL, 267, 268, 1),
(55, 'Муфта концевая 1ПКВТпО', 100, 123, 124, 3),
(56, 'Муфта концевая 10ПКНТп', 102, 131, 132, 3),
(57, 'ТЗИ', 40, 48, 49, 2),
(58, 'Муфта концевая КВТп5', 40, 50, 51, 2),
(59, 'Муфта концевая В5КВНТп', 40, 52, 53, 2),
(60, 'Муфта концевая 1ВКВНТп', 89, 69, 70, 3),
(61, 'Муфта ККТ', 40, 54, 55, 2),
(62, 'Муфта концевая КНТп5', 40, 56, 57, 2),
(63, 'Муфта соединительная 10РСТп', 130, 233, 234, 3),
(64, 'Муфта соединительная 1ПСТпО', 128, 225, 226, 3),
(65, 'Муфта ответвительная 1П4ОТпБ', 120, 189, 190, 3),
(66, 'Муфта соединительная СТп5', 40, 58, 59, 2),
(67, 'Муфта соединительная 10СТпЗ', 131, 247, 248, 3),
(68, 'Муфта концевая 35ПКВТп', 98, 113, 114, 3),
(69, 'Муфта соединительная 10ПСТпП', 126, 211, 212, 3),
(70, 'Муфта соединительная 10-35ПСТпЛ', 126, 213, 214, 3),
(71, 'Муфта соединительная 10СТпО', 134, 257, 258, 3),
(72, 'КИЕВЭНЕРГО', NULL, 269, 270, 1),
(73, 'Муфта ответвительная 1П5ОТпБ', 120, 191, 192, 3),
(74, 'Муфта концевая 35КНТпО', 96, 101, 102, 3),
(75, 'ШЛАНГИ', 40, 60, 61, 2),
(76, 'Изоляторы', 39, 41, 42, 3),
(77, 'Муфта концевая 35КНТп', 95, 97, 98, 3),
(78, 'Муфта соединительная 35СТпО', 134, 259, 260, 3),
(79, 'Муфта концевая П2КНТп', 40, 62, 63, 2),
(80, 'Муфта концевая 6ВКВТп', 89, 71, 72, 3),
(81, 'Муфта соединительная ВСТп', 40, 64, 65, 2),
(82, 'Муфта концевая 1П5КВТпнгLS', NULL, 271, 272, 1),
(83, 'Муфта концевая 1Р4КВТп', 106, 151, 152, 3),
(84, '35КВТпО', 93, 87, 88, 3),
(85, 'Муфта концевая 35ПКНТп', 102, 133, 134, 3),
(86, 'Муфта соединительная 35ПСТп', 126, 215, 216, 3),
(87, 'Муфта концевая 10КНТпО', 96, 103, 104, 3),
(88, 'АТМ', 40, 66, 67, 2),
(89, 'Муфта концевая ВКВНТп', 40, 68, 73, 2),
(90, 'Муфта концевая ВКНТп', 40, 74, 75, 2),
(91, 'Муфта концевая КВТп', 40, 76, 83, 2),
(92, 'Муфта концевая 35КВТп', 91, 81, 82, 3),
(93, 'Муфта концевая КВТпО', 40, 84, 91, 2),
(94, '10КВТпО', 93, 89, 90, 3),
(95, 'Муфта концевая КНТп', 40, 92, 99, 2),
(96, 'Муфта концевая КНТпО', 40, 100, 107, 2),
(97, 'Муфта концевая 1КНТпО', 96, 105, 106, 3),
(98, 'Муфта концевая ПКВТп', 40, 108, 117, 2),
(99, 'Муфта концевая 20ПКВТп', 98, 115, 116, 3),
(100, 'Муфта концевая ПКВТпО', 40, 118, 127, 2),
(101, 'Муфта концевая 20ПКВТпО', 100, 125, 126, 3),
(102, 'Муфта концевая ПКНТп', 40, 128, 137, 2),
(103, 'Муфта концевая 20ПКНТп', 102, 135, 136, 3),
(104, 'Муфта концевая ПКНТпО', 40, 138, 147, 2),
(105, 'Муфта концевая 20ПКНТпО', 104, 145, 146, 3),
(106, 'Муфта концевая Р4КВТп', 40, 148, 153, 2),
(107, 'Муфта концевая Р4КНТп', 40, 154, 159, 2),
(108, 'Муфта концевая 1Р4КНТп', 107, 157, 158, 3),
(109, 'Муфта концевая Р5КВТп', 40, 160, 165, 2),
(110, 'Муфта концевая 1Р5КВТп', 109, 163, 164, 3),
(111, 'Муфта концевая Р5КНТп', 40, 166, 171, 2),
(112, 'Муфта концевая 10Р5КНТп', 111, 167, 168, 3),
(113, 'Муфта концевая 1Р5КНТп', 111, 169, 170, 3),
(114, 'Муфта концевая Р6КВТп', 40, 172, 173, 2),
(115, 'Муфта концевая РКВТп', 40, 174, 175, 2),
(116, 'Муфта концевая РКВТпО', 40, 176, 177, 2),
(117, 'Муфта концевая РКНТп', 40, 178, 179, 2),
(118, 'Муфта концевая РКНТпО', 40, 180, 181, 2),
(119, 'Муфта ответвительная ОТп', 40, 182, 183, 2),
(120, 'Муфта ответвительная ПОТп', 40, 184, 203, 2),
(121, 'Муфта ответвительная 10ПОТп', 120, 193, 194, 3),
(122, 'Муфта ответвительная 1П2ОТп', 120, 195, 196, 3),
(123, 'Муфта ответвительная 1П3ОТпБ', 120, 197, 198, 3),
(124, 'Муфта ответвительная 1П5ОТп', 120, 199, 200, 3),
(125, 'Муфта ответвительная 1ПОТпБ', 120, 201, 202, 3),
(126, 'Муфта соединительная ПСТп', 40, 204, 219, 2),
(127, 'Муфта соединительная 20ПСТп', 126, 217, 218, 3),
(128, 'Муфта соединительная ПСТпО', 40, 220, 229, 2),
(129, 'Муфта соединительная 20ПСТпО', 128, 227, 228, 3),
(130, 'Муфта соединительная РСТп', 40, 230, 235, 2),
(131, 'Муфта соединительная СТп', 40, 236, 251, 2),
(132, 'Муфта соединительная 10СТпУ', 131, 249, 250, 3),
(133, 'Муфта соединительная СТпК', 40, 252, 253, 2),
(134, 'Муфта соединительная СТпО', 40, 254, 261, 2),
(135, 'НГ LS', 40, 262, 263, 2),
(136, 'НГС', 40, 264, 265, 2),
(137, 'Изделия 2008', NULL, NULL, NULL, NULL),
(138, 'ТРАНСМАШ', NULL, NULL, NULL, NULL),
(139, 'для Андрея', NULL, NULL, NULL, NULL),
(140, 'Муфта соединительная СТпО', NULL, NULL, NULL, NULL),
(141, 'Муфта концевая КВТпО', NULL, NULL, NULL, NULL),
(142, 'Соединители', NULL, NULL, NULL, NULL),
(143, 'Муфта концевая П5КВТп', NULL, NULL, NULL, NULL),
(144, 'Муфта концевая 1П5КВТпнгLS', NULL, NULL, NULL, NULL),
(145, 'Муфта концевая 1ПКНТпБнгLS', NULL, NULL, NULL, NULL),
(146, 'Муфта концевая ПКВТпнгLS', NULL, NULL, NULL, NULL),
(147, 'Трубка с клеем', NULL, NULL, NULL, NULL),
(148, 'Наконечник ТМЛ', NULL, NULL, NULL, NULL),
(149, 'Муфта ответвительная ВОТп', NULL, NULL, NULL, NULL),
(150, 'Надя', NULL, NULL, NULL, NULL),
(151, 'Муфта соединительная СТп', NULL, NULL, NULL, NULL),
(152, 'Муфта концевая 10КНТп', NULL, NULL, NULL, NULL),
(153, 'Муфта концевая КВТп', NULL, NULL, NULL, NULL),
(154, 'КАПЫ', NULL, NULL, NULL, NULL);

-- --------------------------------------------------------

--
-- Структура таблицы `users`
--

CREATE TABLE `users` (
  `id` int(11) NOT NULL,
  `login` varchar(10) NOT NULL,
  `pwd` varchar(10) NOT NULL,
  `email` varchar(128) NOT NULL,
  `perm` enum('superadmin','admin','superuser','user','buh') DEFAULT NULL,
  `title` varchar(32) NOT NULL
) ENGINE=InnoDB DEFAULT CHARSET=cp1251;

--
-- Дамп данных таблицы `users`
--

INSERT INTO `users` (`id`, `login`, `pwd`, `email`, `perm`, `title`) VALUES
(1, 'denis', '123', '', 'superadmin', 'Денис'),
(2, 'nana', '123', 'yo', 'user', 'Надя');

--
-- Индексы сохранённых таблиц
--

--
-- Индексы таблицы `account`
--
ALTER TABLE `account`
  ADD PRIMARY KEY (`id`);

--
-- Индексы таблицы `item`
--
ALTER TABLE `item`
  ADD PRIMARY KEY (`id`);

--
-- Индексы таблицы `product`
--
ALTER TABLE `product`
  ADD PRIMARY KEY (`ckey`),
  ADD KEY `cgr` (`cgr`),
  ADD KEY `it` (`it`);

--
-- Индексы таблицы `product_group`
--
ALTER TABLE `product_group`
  ADD PRIMARY KEY (`ckey`),
  ADD KEY `cgr` (`cgr`),
  ADD KEY `lf_key` (`lf_key`),
  ADD KEY `rg_key` (`rg_key`),
  ADD KEY `level` (`level`);

--
-- Индексы таблицы `users`
--
ALTER TABLE `users`
  ADD PRIMARY KEY (`id`),
  ADD KEY `login` (`login`),
  ADD KEY `pwd` (`pwd`);

--
-- AUTO_INCREMENT для сохранённых таблиц
--

--
-- AUTO_INCREMENT для таблицы `product`
--
ALTER TABLE `product`
  MODIFY `ckey` int(11) NOT NULL AUTO_INCREMENT, AUTO_INCREMENT=2219;

--
-- AUTO_INCREMENT для таблицы `product_group`
--
ALTER TABLE `product_group`
  MODIFY `ckey` int(11) NOT NULL AUTO_INCREMENT, AUTO_INCREMENT=155;

--
-- AUTO_INCREMENT для таблицы `users`
--
ALTER TABLE `users`
  MODIFY `id` int(11) NOT NULL AUTO_INCREMENT, AUTO_INCREMENT=11;

--
-- Ограничения внешнего ключа сохраненных таблиц
--

--
-- Ограничения внешнего ключа таблицы `product`
--
ALTER TABLE `product`
  ADD CONSTRAINT `product_ibfk_1` FOREIGN KEY (`cgr`) REFERENCES `product_group` (`ckey`) ON DELETE CASCADE ON UPDATE CASCADE,
  ADD CONSTRAINT `product_ibfk_2` FOREIGN KEY (`it`) REFERENCES `item` (`id`) ON DELETE SET NULL ON UPDATE SET NULL;

--
-- Ограничения внешнего ключа таблицы `product_group`
--
ALTER TABLE `product_group`
  ADD CONSTRAINT `product_group_ibfk_1` FOREIGN KEY (`cgr`) REFERENCES `product_group` (`ckey`) ON DELETE CASCADE ON UPDATE CASCADE;
COMMIT;

/*!40101 SET CHARACTER_SET_CLIENT=@OLD_CHARACTER_SET_CLIENT */;
/*!40101 SET CHARACTER_SET_RESULTS=@OLD_CHARACTER_SET_RESULTS */;
/*!40101 SET COLLATION_CONNECTION=@OLD_COLLATION_CONNECTION */;
